prediction_1,prediction_2,prediction_3,prediction_4,target
0.9388094334795939,0.020723818682614636,0.0013421463548692666,0.03912460148292226,0
0.0006241430022981719,0.9986571027257761,1.882496276816171e-13,0.0007187542717373669,1
0.2574976407822376,0.024272250663404115,0.6968525540110512,0.0213775545433071,2
0.9384724279471635,0.020712322685611555,0.0013421362550046698,0.03947311311222035,0
1.3534512223651989e-07,0.9999998646546269,3.661860510727385e-15,2.4731741608463764e-13,1
0.9387607844811078,0.020764735256374123,0.0013421357798375228,0.03913234448268065,0
0.9386822846891429,0.020842668369017683,0.001342135757212843,0.03913291118462667,0
2.32623574752666e-09,0.9999999975515482,1.2221606936124292e-10,6.67005218045066e-18,1
0.6055455121461968,0.020737663042065053,0.0013421357396382696,0.3723746890721,0
0.9099497820028132,0.024252570825557516,0.030110527545955112,0.035687119625674175,0
0.874224984908281,0.08049858504715884,0.006702456466583216,0.03857397357797685,0
7.36842613247905e-12,0.9999999999858259,5.282632985358977e-16,6.805166710772486e-12,1
0.2682673459917141,0.024274823867208552,0.6859913708414321,0.021466459299645264,2
0.9385991757102327,0.020708026928879433,0.0013421358254574352,0.03935066153543052,0
0.9108092649484051,0.04868617495779306,0.0013433102704988149,0.03916124982330308,0
0.05048971066475492,0.9173751204504069,0.003174603181210152,0.028960565703627986,1
0.18363790786386125,0.8033977270651853,0.00010096724462271265,0.012863397826330657,1
0.003803651036418607,0.0001224366197384666,1.0578317440701042e-25,0.996073912343843,3
0.005171904586865078,0.0001335457552206485,2.569703170669276e-13,0.9946945496576575,3
0.00038971399926029075,0.9996069374569854,1.7399257578215891e-07,3.174551178562884e-06,1
1.3564156292486899e-08,0.9999999864256862,1.2010599406439298e-14,1.0145484384299874e-11,1
0.003708336530769471,0.0001225394962765944,1.0375593737398213e-15,0.996169123972953,3
0.0011697744487909618,0.9988302094728653,9.349375927226046e-11,1.5984850013285823e-08,1
0.011794274813750132,0.9882056746371788,1.2656361629073405e-12,5.0547805418939224e-08,1
0.8336357036095611,0.12577466022214273,0.0013994526508667871,0.03919018351742939,0
0.5974098754064228,0.019276691320463942,0.0013081568068928965,0.3820052764662205,3
0.9388248169688435,0.020703062548948954,0.0013421357398580823,0.03912998474234957,0
0.003552889124192351,0.0001224364869717175,1.7795662014535716e-30,0.996324674388836,3
0.009983593133700714,0.9900164068659585,9.26463783550735e-16,3.397191184461787e-13,1
0.003836465792303994,0.00012281591530317296,5.506857929150396e-14,0.9960407182923379,3
0.0041580408642530155,0.0001238268736001977,3.267956939711927e-14,0.9957181322621143,3
0.9372969458936153,0.022171642626244104,0.0013421709116638568,0.03918924056847675,0
0.9365025753464931,0.023029315114401618,0.0013421357892864595,0.03912597374981885,0
0.9365415945590135,0.021066703133522737,0.001345125371626025,0.04104657693583769,0
2.2529620214590577e-07,0.9999997740960769,2.0603287054361906e-12,6.056606903106353e-10,1
0.9029405849540334,0.03635418608897509,0.0067649372183354725,0.053940291738656,0
4.680261364699455e-10,0.9999999995259122,2.1108062029817053e-15,6.059344157096316e-12,1
0.2575255965185496,0.024274309519486684,0.6968225304827477,0.021377563479216034,2
0.010150556847367515,0.0024017439190159393,5.383313465162279e-13,0.9874476992330784,3
0.9388231108021504,0.020710552270976502,0.001342136472190561,0.03912420045468249,0
0.10841196122178455,0.7127064998160456,0.1607614352438689,0.018120103718300903,1
0.0024861064451375753,0.9975020852789743,9.673000789949491e-11,1.1808179158256792e-05,1
0.0005948497675509204,0.9993865495056765,6.073783292285869e-15,1.8600726766505387e-05,1
0.5992282696245984,0.02335040466266962,0.3523733540478118,0.02504797166492013,0
0.2589712330976655,0.024281034593903166,0.6953659264598587,0.02138180584857254,2
1.4357412290047478e-07,0.99999984736607,1.7972177095101487e-13,9.059627550537936e-09,1
0.2941028990408811,0.023350527793712935,0.6574520664680987,0.025094506697307273,2
0.9386033292558181,0.02070789930767007,0.0013421358193057454,0.039346635617206104,0
0.937656910307895,0.020984742274368817,0.001342708947396045,0.040015638470340224,0
0.0010899524933859106,0.9989100475066127,2.1284390831651e-18,1.359854774162303e-15,1
0.8598592926468354,0.0996242236614156,0.0013524029574162415,0.039164080734332925,0
0.0008153037084896309,0.999184695849745,3.7148106390968844e-15,4.417616593250702e-10,1
0.23026388314472704,0.0016620534013584657,3.3978939332464377e-05,0.768040084514582,3
0.33298619033465826,0.17817829541194216,8.156455208760071e-07,0.48883469860787865,1
0.9225384012950603,0.020742460866680506,0.001342206580629763,0.05537693125762949,0
0.9070293513127042,0.026914818081285364,0.031149638148325495,0.03490619245768497,0
0.8945383251546248,0.039690850271285744,0.030110569540756405,0.03566025503333312,0
0.9381561849931764,0.021226617209142856,0.0013421761066674278,0.03927502169101341,0
0.48838574278319186,0.4926133641364139,0.0032333791068104964,0.015767513973583818,1
0.004650932188970697,0.9854988853020071,3.735806199752606e-10,0.009850182135441532,1
0.9386188076923291,0.02091345282059888,0.0013421357404586444,0.039125603746613356,0
0.9388145664649877,0.020715762797650365,0.0013421371780517881,0.03912753355931014,0
0.9388301600054567,0.02070350120549443,0.0013421385603743733,0.039124200228674466,0
0.00020424516746830778,0.9997957548325315,1.0303150050037295e-19,2.0902209390335366e-16,1
0.9388307272146115,0.02070293663610084,0.001342135744924258,0.03912420040436343,0
0.0900678500939663,0.8860670382412611,0.02386511164586917,1.8903354190550335e-11,1
0.9388283345205984,0.020703108042985304,0.0013421358188054793,0.03912642161761073,0
0.28419321218431826,0.6909650291210488,0.023865326737263687,0.0009764319573692093,1
0.9387825308089354,0.020703454101972166,0.0013421357397362277,0.03917187934935626,0
0.9317294933974759,0.022957771321879844,0.006738651674264966,0.03857408360637934,0
0.25749621494499975,0.02427224498766763,0.6968539855361141,0.02137755453121856,2
0.043355083257491274,0.0015495558761997646,3.397893306150235e-05,0.9550613819332475,3
0.9386120062338871,0.02070763570520556,0.0013421358075342293,0.03933822225337324,0
9.456216883080074e-08,0.999999862241113,2.3211962425379712e-11,4.317350620608359e-08,1
2.3998636864994435e-06,0.9999973288467676,1.0750306604755916e-11,2.7127879561746124e-07,1
0.04214021047199052,0.0015495539055403516,3.397893306150187e-05,0.9562762566894077,3
0.9388307257758886,0.020702936694960084,0.00134213736435817,0.03912420016479332,0
0.3223128999930493,0.3520018398934084,0.297429817019579,0.02825544309396344,0
0.2575322449914263,0.024272315529707947,0.6968178828691053,0.021377556609760467,2
0.5554495424379858,0.027580494644169628,0.04834600802666345,0.36862395489118116,0
9.53053317551215e-05,0.999904688160487,1.9589429748123093e-10,6.311863567504201e-09,1
1.1300609516686157e-05,0.999988694905127,6.322126646515866e-11,4.422135031686968e-09,1
3.9488554443916516e-10,0.9999999996051144,3.0288332425794994e-18,5.566184882684331e-17,1
0.574522798886278,0.01847116104580648,0.001072775470276752,0.4059332645976388,3
0.29005640922935555,0.02335031893770371,0.6614901212924975,0.025103150540443337,2
0.2574962359046299,0.024272245152778173,0.6968539644113578,0.021377554531234078,2
0.5634820970361072,0.021047963302802872,0.382379612495148,0.03309032716594188,2
0.9357369982882986,0.023593096949095737,0.0013421787460085159,0.039327726016597175,0
0.0011304082744721792,0.9415650119178455,0.057304579807619584,6.290536534895213e-14,1
0.44138602466265753,0.5263008833879813,0.006601441463198461,0.025711650486162627,1
0.23586591105897137,0.0021948001181525613,1.5159603068815474e-14,0.7619392888228611,3
0.28040626174160693,0.023369507211037966,0.6711786959904944,0.025045535056860708,2
0.23138931401926432,0.7439095381643237,0.0245777192891036,0.00012342852730832908,1
0.9154331607965207,0.020729567957397322,0.0013421362135145186,0.06249513503256759,0
0.004100496470705155,0.986670295242314,5.577662342181459e-11,0.009229208231204312,1
4.7958563135274724e-08,0.9999999258594402,5.261336472398168e-11,2.6129383286949082e-08,1
0.9385078337449887,0.020711049789754146,0.0013421360758972007,0.03943898038935998,0
0.9171286544632354,0.021625387881503255,0.025789369103037668,0.035456588552223715,0
0.00013730796391376126,0.9998161504112372,1.7260704063225077e-06,4.4815554442771714e-05,1
0.28931928409408086,0.014240468049384994,0.2918001873858927,0.40464006047064155,3
0.31139449739207126,0.014240461644554394,0.2918001873858928,0.3825648535774817,3
2.4501824248094513e-07,0.9999997549817574,9.252885939928171e-19,9.787639133259479e-17,1
0.9381441201795742,0.02080681978627029,0.0013421897585751167,0.03970687027558057,0
0.9388293129715936,0.020704004466635645,0.0013421359375566436,0.03912454662421421,0
0.9387561406259718,0.020716697621295726,0.001342135766669591,0.03918502598606296,0
0.9244059996407216,0.020715211163081365,0.0013421357574720006,0.053536653438725046,0
0.5619768059175965,0.41962753943896325,0.00082406665327208,0.0175715879901681,1
0.2574962141802133,0.024272244975427144,0.696853986313141,0.02137755453121853,2
0.3727653505473651,0.021189363846354725,0.5708428159974267,0.035202469608853565,2
5.6993325887810245e-08,0.9999999430066722,2.412786426862781e-16,1.6974002568962223e-15,1
4.885715308159262e-08,0.9999996817050619,1.4262131871973086e-14,2.6943777065949876e-07,1
0.14448264319827045,0.06603651444479311,9.32061488230224e-09,0.7894808330363218,3
0.5069892524999194,0.01740151421854344,0.44970651021689184,0.025902723064645295,2
0.932749154169738,0.021217346467871784,0.0013421357754814546,0.04469136358690884,0
0.0004864300108405617,0.9995133950706921,5.971302410823182e-14,1.7491840748657665e-07,1
0.32787410946700013,0.672124076682944,1.4968502669661238e-07,1.6641650291067357e-06,1
0.9386064738875365,0.020707803302543938,0.0013421358148747106,0.03934358699504487,0
0.6335167966014311,0.30523729556600326,0.02578938137014647,0.03545652646241917,0
0.25774439713619596,0.024272427856941947,0.6966056064727782,0.02137756853408379,2
0.332012021523101,0.667987978305868,2.7982208383987724e-11,1.4304875661996188e-10,1
0.00013224464491154032,0.9998676685822576,1.422935629281553e-13,8.677268855501335e-08,1
1.1581604455582532e-13,0.9999999999998842,5.753198616070156e-22,4.501499858123817e-19,1
0.5842955501368902,0.024600004975166873,0.3640186166283131,0.027085828259629786,2
0.00011532466641342292,0.9998845844949563,5.223998903034788e-14,9.083857802857537e-08,1
0.0010428095057980595,0.9989564829583436,9.039631492273934e-13,7.075349543605171e-07,1
0.663116045913614,0.02274534888386474,0.0013421357409453508,0.3127964694615761,0
0.7162558664295459,0.02071711969572099,0.0013421357458490394,0.2616848781288841,0
0.9359442636934062,0.023129660670782898,0.0013459678770121792,0.03958010775879877,0
0.9234015847952457,0.031213604192876235,0.0067024355040252335,0.03868237550785285,0
0.009978804369653158,0.9900211956303467,6.941530399860923e-21,9.666444990207912e-17,1
1.4638116500458094e-06,0.9999985344330945,6.3517460814757265e-18,1.7552554975147801e-09,1
0.0035675038367133497,0.0001224559518764036,3.8219028421073977e-22,0.9963100402114105,3
3.733253757346157e-07,0.999999626673573,1.3974005845002427e-14,1.037151098382696e-12,1
0.9317517691268372,0.027759002442913478,0.0013421829433376148,0.0391470454869117,0
0.5645650593644521,0.018471094181978478,0.0010727754702767516,0.41589107098329264,3
0.0437859938380643,0.0036657456517368175,3.397893538456542e-05,0.9525142815748144,3
0.02705319989478019,0.9613525972065675,0.011594202898624978,2.730543529406822e-14,1
0.9386570281813212,0.020821097816541494,0.0013422671406215947,0.03917960686151572,0
0.9165384850088886,0.02221563712248258,0.02578936885719153,0.03545650901143738,0
0.08324060033328497,0.00048794068877784316,3.0535487640138707e-07,0.916271153623061,3
0.9369710367637075,0.020796253422899872,0.001342569299164155,0.040890140514228485,0
0.0021530804963694294,0.9977568295420299,9.977701539781409e-06,8.01122600608445e-05,1
3.763858072878885e-05,0.9999623614178437,1.4189414819670186e-12,8.660098252644583e-15,1
7.623379002064584e-10,0.9999999992300405,3.1732229803398766e-15,7.618319557464721e-12,1
0.3332309721629776,0.6535232999324786,0.00044456090005558273,0.012801167004488223,1
0.004718696292608372,0.9941139686802422,1.1054793542974276e-11,0.0011673350160947553,1
0.2505999931790203,0.6992963445701891,0.047146936957753315,0.0029567252930374197,1
0.013925821242700073,0.9622090177739872,0.023865160750571,2.3274188399234234e-10,1
0.00023435744934475846,0.9997656425057491,1.7691910349373002e-12,4.313693260928367e-11,1
8.976325662481892e-08,0.9999999102364767,6.030995048609929e-16,2.6606776042986664e-13,1
3.608781419474788e-05,0.9999638325163044,2.378551003813244e-10,7.943164578089037e-08,1
0.8721386447060594,0.0350389430079703,0.059951248410484874,0.03287116387548548,0
0.8882508239944507,0.02759860723072795,0.0487806605161868,0.03536990825863467,0
0.0011420635275742714,0.9988579353366739,1.8554063444925175e-14,1.1357333045874667e-09,1
0.9310451135795638,0.028369158784467746,0.0013436059205673189,0.03924212171540117,0
0.6055910859505976,0.021523205280625884,0.0013421357396370215,0.3715435730291395,0
0.25749621417937685,0.024272244975783928,0.6968539863136206,0.02137755453121853,2
7.094026995506618e-05,0.9999290597291214,1.3674410868252213e-14,9.097835936199814e-13,1
0.04765695296543306,0.0015495523654638053,3.397893306150187e-05,0.9507595157360417,3
1.3307466278420393e-05,0.9999844805186487,2.3926418116514972e-09,2.2096224310418563e-06,1
1.1100995856122757e-06,0.9999555366079605,4.698688808297501e-14,4.3353292406905516e-05,1
0.016808099817857938,0.9593266893945461,0.023865167999764996,4.2787830958803495e-08,1
0.9331823706864285,0.025198416709423816,0.00150115673259569,0.040118055871552,0
0.9331804246891502,0.020703615898646326,0.0013422365481383161,0.044773722864065224,0
0.929787645483637,0.024848637930966932,0.0067024221180967585,0.03866129446729942,0
1.1175617983599931e-08,0.9999999888227222,1.6543693790992284e-12,5.404586124446306e-15,1
0.5626090782575192,0.018242924864985504,0.29628353460567153,0.12286446227182389,0
0.8556066006968125,0.08828491478339527,0.024392897264698687,0.031715587255093484,0
0.9388255525709944,0.020708111306753377,0.0013421359162057278,0.03912420020604652,0
0.5442049791103973,0.021003941972477975,0.0012357127309589645,0.43355536618616575,3
1.4335782881971892e-06,0.9999985664214082,3.031040795347847e-14,2.7328944851321805e-13,1
0.017858827107274967,0.0026104031976734287,8.863183867085263e-13,0.9795307696941654,3
0.001179361599123297,0.9988205965895395,1.8197651385488885e-09,3.999157200013118e-08,1
0.011650070482763347,0.9883499294990362,3.317559074714051e-14,1.8167276369793227e-11,1
0.9379644970743101,0.02156643833256719,0.001342136428831045,0.039126928164291766,0
0.9386990233664361,0.02070339455629479,0.001342138141874179,0.03925544393539503,0
0.9274908738615272,0.027037812700218558,0.006702483177231482,0.03876883026102281,0
0.0005119311280615376,0.9994880637720801,1.9086941258716583e-11,5.080771464760603e-09,1
0.003583652572806567,0.00012243718574409714,8.757907218794795e-23,0.9962939102414494,3
0.9295247583795744,0.025080516170793817,0.006702666877943834,0.03869205857168814,0
3.324498738323299e-08,0.9999948068891541,5.426562321661878e-16,5.159865858010221e-06,1
2.5387233667530647e-08,0.9999999745942084,2.7679595561350664e-14,1.853018427266489e-11,1
0.8833855727096148,0.04045641529004078,0.006702406502259913,0.0694556054980846,0
2.329919549966235e-07,0.9999997538095964,4.072053118832609e-12,1.3194376543684204e-08,1
0.4790200396746059,0.13608098166053004,0.3635211157847529,0.021377862880111186,0
0.8674377291514505,0.02086390598174651,0.0013421376695205913,0.11035622719728251,0
0.9388239296304558,0.020709734464189267,0.0013421357396515771,0.03912420016570337,0
0.9092850662955225,0.020736599192731815,0.0013473390007629309,0.06863099551098284,0
0.003552739898059975,0.0001224366109916803,5.332486730450536e-24,0.9963248234909484,3
3.869789723483143e-08,0.9999999561356994,9.46212071790385e-12,5.156941297105346e-09,1
0.003974434476254366,0.00031465339804336706,3.68815117278629e-12,0.9957109121220142,3
0.04408241200386954,0.0015592214000079367,3.397893315646281e-05,0.954324387662966,3
0.7444607678596068,0.02558522793163642,0.19693447617026202,0.0330195280384948,0
0.04010377547539227,0.9598960688490777,1.0825399426833577e-10,1.5556727593601066e-07,1
8.539395496974238e-07,0.9999991457294617,4.878517186901565e-16,3.30988083878694e-10,1
9.395479463218794e-08,0.9999999060445034,1.6286904514657209e-15,7.003313678021279e-13,1
0.006127579298964678,0.9938018446804125,9.405643727602924e-06,6.117037689510523e-05,1
0.04740030390062296,0.0036289376156443624,3.397898517483998e-05,0.9489367794985579,3
0.25749621479179435,0.024272260434952227,0.6968539702420348,0.02137755453121853,2
0.9387618234370726,0.02072259774465855,0.0013421357698372603,0.039173443048431664,0
3.672595418058116e-08,0.9999999632738671,2.9160841729303076e-16,1.7844592545205441e-13,1
0.9350669622515778,0.024250984290525718,0.001343626158184271,0.03933842729971233,0
0.004115480359346003,0.0001230310432330888,8.431152366068477e-16,0.9957614885974202,3
0.6356631388237917,0.30804504731964344,0.009591868069320891,0.04669994578724404,0
0.9376460627589501,0.020867618643928932,0.0013424707519745444,0.04014384784514644,0
0.5847323094930645,0.025732676017634154,0.3678016394141821,0.0217333750751193,0
0.8459172130477827,0.11353941308069981,0.0013675527445323355,0.03917582112698522,0
0.9380486845584084,0.020783716298071426,0.0013421895245940214,0.039825409618926215,0
0.906863936949737,0.047829037880616175,0.0067024067412606095,0.03860461842838636,0
5.103612618825597e-06,0.9999947623190345,1.468131305020001e-09,1.3260021543857102e-07,1
0.0018146298758672979,0.9979367257292396,1.744420151739663e-06,0.00024689997474130045,1
0.3955350290468338,0.5481711769374126,0.009591868096631194,0.04670192591912242,0
0.30736681506708335,0.023535179260175277,0.6408897910383401,0.02820821463440137,2
0.20253079111444214,0.027581741901523894,1.5998027212285093e-17,0.769887466984034,3
0.013947476568094952,0.9621873914218443,0.023865130968690154,1.0413707453053132e-09,1
0.908630471036996,0.029589556483126726,0.006734268579431078,0.05504570390044624,0
0.5630628057660669,0.388853157966299,0.009877008597797563,0.03820702766983657,0
0.9382888789075107,0.02071967914726693,0.001342138549097556,0.03964930339612502,0
0.8887096407906685,0.027580471235348774,0.048346089394964896,0.03536379857901802,0
0.007391607595311193,0.9926083918242435,1.7156410734293177e-13,5.802736495864843e-10,1
0.13609291006176683,0.001585105344861986,3.397893606960785e-05,0.8622880056573017,3
0.8556501832744043,0.10867256734126117,0.0013421357560361718,0.03433511362829839,0
0.9378631953717044,0.02072614040452205,0.0013423158426386647,0.04006834838113494,0
0.9373042800435112,0.02074089473841552,0.00134213575076616,0.04061268946730724,0
0.9385309964380847,0.02100051161623881,0.0013432379852284092,0.039125253960448206,0
0.3571307381570928,0.016485804151127954,0.29207001821870743,0.3343134394730718,0
0.879187525483644,0.020709312507543962,0.0013421375660602822,0.09876102444275185,0
0.9387956521876818,0.02073523870535666,0.0013447824259130955,0.03912432668104859,0
0.5256105261509093,0.15338419005972737,0.2921893056816723,0.028815978107690963,0
0.012726002743048264,0.00043247374979456314,5.154535088366586e-13,0.9868415235066418,3
0.9378847492959371,0.020739382517983615,0.0013421632174115874,0.040033704968667864,0
0.004947997410738572,0.9950512052485475,5.0147662095430045e-09,7.923259477417144e-07,1
0.9388307277210967,0.02070293637506536,0.0013421357397885123,0.03912420016404941,0
0.9373614578566384,0.020861960702396664,0.0013426633732158595,0.040433918067749146,0
0.9384567897874115,0.020702937921418498,0.0013421357396370213,0.0394981365515329,0
0.29982000956036586,0.7001799904377176,1.5168549056076142e-14,1.9013811542887166e-12,1
0.06321823356055233,0.9367800460464858,8.217632917766472e-12,1.7203847443275108e-06,1
0.5906204252468922,0.02448112320355288,0.3635208832492283,0.021377568300326565,0
1.2608320485099953e-07,0.9999998739066825,2.3616816340904028e-17,1.0112496722190296e-11,1
0.6608380927699535,0.2903240019981009,0.012936340846630872,0.03590156438531473,0
0.9384046572752419,0.020703954163147187,0.0013475336402644985,0.03954385492134655,0
3.044069253087058e-10,0.9999999996955754,5.295682818424094e-22,1.7704040488048007e-14,1
0.6217655519646333,0.332923614757439,0.0067024054595561135,0.038608427818371614,0
0.5879504606218836,0.02715081168679386,0.36352070120978947,0.02137802648153302,0
0.001089915810376611,0.9989100841894643,4.756887981326298e-17,1.5906515351312552e-13,1
0.0036301049593421915,0.0001225027710694898,3.983063228685926e-17,0.9962473922695884,3
3.554253544932123e-06,0.9999964452217526,1.0526058712031284e-12,5.236498394231433e-10,1
0.00039301404838112063,0.9995906112146565,7.498080880937873e-10,1.637398715422445e-05,1
1.7961540007678354e-05,0.9999820338026023,7.745840106493209e-11,4.579931636655949e-09,1
0.5815080223270764,0.36220010094652727,0.009591868090622025,0.04670000863577437,0
0.2765664197091298,0.7234335701386572,2.8803986950944023e-13,1.0151925046935217e-08,1
0.600801201355485,0.03343996094630239,0.34050756702566826,0.02525127067254426,0
0.9358897719518695,0.02364380245188787,0.001342135739810164,0.03912428985643251,0
0.006837606837609866,0.9931623931623897,1.2035753853375577e-16,2.4620118127528543e-16,1
0.9308125258576586,0.021727376170858348,0.0013421364424478636,0.04611796152903524,0
0.9386318777839907,0.020886722209764414,0.0013448638175454029,0.039136536188699535,0
0.6125178692753767,0.02335083739814685,0.3390849012572453,0.02504639206923109,0
0.5017189140047316,0.0341674595818287,0.4330593573567249,0.031054269056714785,2
0.9378245137160844,0.02170330205602915,0.0013421358926610642,0.039130048335225286,0
0.9298611823859121,0.024778938652511504,0.006702405580592035,0.03865747338098438,0
0.003583742803903166,0.00012269142139976035,4.3046691805330456e-16,0.9962935657746966,3
0.9327868710651194,0.02070380132033019,0.0013424633990799767,0.045166864215470504,0
0.011778581327939833,0.9882209719299287,2.98845252682271e-09,4.437536788989936e-07,1
0.3713587806727307,0.00155649379173718,3.39789333878883e-05,0.6270507466021442,0
0.00534512901744419,0.9946548663252849,6.552158709637971e-15,4.657264405784492e-09,1
0.9388306010511758,0.020703019798283873,0.0013421357403955246,0.039124243410144914,0
0.006527122962499003,0.00014004940392321633,2.9757928399307003e-10,0.9933328273359986,3
0.937406582569228,0.02208948141891089,0.0013421464114124193,0.03916178960044874,0
0.0028050008587473356,0.9971949991411485,3.781901166962578e-17,1.040898359555602e-13,1
2.634290867116297e-06,0.9969379280522156,6.266374627505308e-16,0.0030594376569166395,1
0.00041630953701015104,0.9995835720353612,3.6042580137706745e-10,1.1806720286970083e-07,1
4.502061743391822e-08,0.99999995497935,5.620146052505867e-17,3.2466018405657777e-14,1
0.6423986881692297,0.31713497075499403,0.0013421357632556255,0.03912420531252063,0
4.5845485619113965e-05,0.9999526841036538,4.069083782026398e-16,1.4704107267680538e-06,1
0.00022907703681453035,0.9997709216543659,5.2743549797280034e-11,1.2560760609594324e-09,1
0.9319281053454628,0.020703783330355496,0.0013421629671882599,0.04602594835699355,0
6.936902855069221e-10,0.9999999983257398,4.1305205854813783e-13,9.801567218464575e-10,1
0.01325668699766394,0.00015366699505813713,5.623549776582867e-15,0.9865896460072724,3
0.9312285546766113,0.028283501467222225,0.001343206564468134,0.03914473729169851,0
0.5825267680773012,0.020202390161966698,0.0010003313886502625,0.396270510372082,3
0.9388304684180048,0.020703143494515883,0.0013421877856063245,0.03912420030187306,0
0.06892588641336427,0.8303219178552877,0.0949461679740951,0.005806027757253018,1
0.004711434574641214,0.00012787816740518785,2.1386039668486225e-16,0.9951606872579535,3
0.843608232951731,0.11575296526832211,0.0014246981878155123,0.03921410359213134,0
1.1103796105069095e-06,0.9999988884628279,7.0136307975719324e-12,1.1505478761638817e-09,1
4.6812436398705796e-08,0.9999999531875554,3.903242072560565e-15,4.206734486076215e-15,1
1.001392101527949e-05,0.9999899819926497,4.403411667347305e-11,4.042300912653274e-09,1
0.8887085106265283,0.027580512190309988,0.04834717805332963,0.03536379912983229,0
0.5343399296404505,0.023092071353184168,0.4099216583396132,0.03264634066675221,0
0.9363159449225408,0.020710969947609684,0.0013506947697795623,0.04162239036007002,0
0.004431918796097224,0.9955664368669543,1.554867009681886e-12,1.6443353936039153e-06,1
0.004143468019314253,0.00012353955511158909,4.736494703721482e-15,0.9957329924255696,3
0.0036498273391573507,0.0001224701829495719,3.221694960270549e-17,0.9962277024778933,3
5.333116872787539e-07,0.9999994664749844,9.770234077031986e-13,2.1235128864706931e-10,1
0.1632182753711082,0.82747632858821,6.698507097655807e-05,0.009238410969705154,1
1.0344323115159227e-06,0.9999989655558794,9.968172420416123e-16,1.1808078599957584e-11,1
0.0035674232681118297,0.00012258006941949926,6.257334467114032e-21,0.9963099966624688,3
0.7102828972775531,0.018471946014007038,0.0010727754702768734,0.27017238123816295,3
0.24287405342398438,0.031130449769489723,3.1417788029552052e-15,0.7259954968065229,3
0.9219469563540409,0.03277670291983467,0.0067024050999063825,0.03857393562621802,0
0.2007895680344054,0.7851130055393364,0.00037120686937163047,0.013726219556886542,1
0.0035599048304217735,0.0001224367485510562,2.1291415784872676e-23,0.9963176584210273,3
0.934216339610901,0.0250981209253054,0.00134426180350923,0.039341277660284446,0
0.08482661841831342,0.8144824987235121,0.09488478252257494,0.005806100335599686,1
0.9388294671869094,0.02070371621346522,0.0013426162379843647,0.0391242003616409,0
0.00897581291328428,0.9910241870609533,1.026963310119886e-11,1.5492786295033784e-11,1
0.6626358278316589,0.01648892252643518,0.2920695476584467,0.028805701983459202,0
0.0014495582408806627,0.998544279799981,5.023276706683722e-07,5.659631467756375e-06,1
0.9318608881987069,0.02767274855477686,0.001342135815216956,0.03912422743129923,0
2.5943476636934265e-07,0.9999997278327576,4.673705784915347e-11,1.2685739013724671e-08,1
0.7831654388050117,0.17634223178724207,0.0013526243880775078,0.03913970501966893,0
0.9379676036260959,0.02140382827167382,0.0013421945497293266,0.0392863735525009,0
0.9387441483377056,0.020722441859905894,0.0013422438105615715,0.03919116599182695,0
0.011314850024888119,0.9886851482087188,2.62702118820092e-10,1.5036910328773273e-09,1
0.9099303780749289,0.0242950399295644,0.03011383930211096,0.03566074269339565,0
0.6329673935662153,0.3217560517480372,0.006702405112063013,0.03857414957368462,0
0.9181370817370436,0.020704041637459168,0.0013421357796692395,0.05981674084582816,0
0.049371204081290115,0.9267579686276642,0.023870503901474882,3.233895706977699e-07,1
0.9068650082286434,0.027073356596052988,0.031155442812275603,0.03490619236302823,0
0.9371908219593306,0.020704951369757918,0.0013421732852687525,0.04076205338564284,0
0.48179054618684275,0.46115544524113644,0.024325912419954705,0.03272809615206612,0
0.003599669796913792,0.00012246541554791147,2.92915001745168e-17,0.9962778647875384,3
0.9299045560999781,0.021488722170748837,0.0015738896797639647,0.047032832049509164,0
0.9384118687339568,0.020710932474105385,0.0013421396138263923,0.03953505917811142,0
0.6880976298973449,0.020743984064577534,0.0013421357396371676,0.2898162502984405,0
0.005326606842321526,0.00012729357478372244,1.134724427535958e-14,0.9945460995828835,3
0.6472572575726327,0.020865194828961986,0.0013423422246786037,0.3305352053737267,0
0.004137577431255813,0.00012302546868015748,1.0785747016779703e-15,0.9957393971000631,3
0.000989480911991185,0.9986662439834483,2.361180160266209e-10,0.0003442748684424909,1
0.9386958137704352,0.020705321032602055,0.0013421357489450203,0.03925672944801783,0
0.06892521880421343,0.8303495248638999,0.09491922857463818,0.005806027757248548,1
0.002331460003154735,0.9976585492440909,8.863328603076754e-10,9.989866421602458e-06,1
0.3107296589605345,0.0021339712334472907,0.02316502210067099,0.6639713477053474,3
0.9340821546098376,0.024302208552133036,0.001342142307576532,0.04027349453045276,0
0.9388307226082974,0.020702941486152492,0.0013421357412052904,0.039124200164345015,0
9.017031923425799e-05,0.9999098208781506,5.114887637471134e-11,8.751466260989332e-09,1
0.011644707353358914,0.988355292587285,2.4968756453135867e-11,3.4387238043608696e-11,1
1.123789658037594e-05,0.9999886971013026,9.37405944656231e-10,6.406471110371138e-08,1
0.30565017555548724,0.02335209618491362,0.6458636879862439,0.025134040273355137,2
0.004773461879532787,0.00012250489663956482,3.2792894244018645e-20,0.9951040332238277,3
0.6150063919549172,0.34448406914918017,0.001346912848812416,0.03916262604709026,0
0.45269401088419786,0.5149923829409111,0.006601441364146923,0.02571216481074416,1
0.9385441343817176,0.020703720063985877,0.0013425481144980326,0.039409597439798494,0
0.932779458556887,0.026456597883509497,0.0013421980204222433,0.03942174553918148,0
0.9311889975785875,0.02296069810916025,0.0067035310578605805,0.03914677325439172,0
0.502481392457273,0.015646242551515657,0.29195966058706196,0.18991270440414953,3
0.04449338929508823,0.0038475832803735177,3.397893614979422e-05,0.9516250484883885,3
3.1393585088921135e-06,0.9999953618108224,5.534357465415282e-12,1.4988251343990826e-06,1
0.9386113922165844,0.020707654223625426,0.0013421358083210199,0.039338817751469295,0
0.020887532127240524,0.9307753168568959,0.04833689465755,2.563583137933095e-07,1
3.0054841964022155e-07,0.9999996978747238,5.984798453018261e-12,1.570871863080631e-09,1
1.1696295527082841e-06,0.9999988192114789,7.036687098900636e-11,1.1088601442434638e-08,1
4.942398854412226e-05,0.9999443066668022,1.1662713025057216e-16,6.269344653505506e-06,1
2.4925928906725146e-05,0.9999743950069346,3.7041415365407334e-13,6.790637882017039e-07,1
0.5899732000701315,0.02512825854007959,0.3635209798050141,0.02137756158477473,0
0.25749651702557524,0.024272262269791872,0.6968536661727808,0.021377554531852205,2
0.00031419407885076506,0.9996858045050092,6.371906236603953e-11,1.3524209874315951e-09,1
0.04695327575131327,0.0036333188250933404,3.39789872290846e-05,0.9493794264363644,3
0.755361675048064,0.1833925013925131,0.02578936878603799,0.03545645477338487,0
8.177877006798021e-05,0.9999111684183486,1.7183893239106767e-07,6.880972651114262e-06,1
1.7475590512850682e-05,0.9999825231568872,2.038016802949936e-11,1.232219895100677e-09,1
0.006919314494202043,0.00012413288905902586,3.1930734917715927e-13,0.9929565526164197,3
0.6400959097618776,0.019281670745942718,0.001308156806931668,0.3393142626852481,0
0.003552776904452089,0.0001224365180772504,2.794504624880185e-24,0.9963247865774708,3
0.847554229541806,0.020770881875380818,0.0013421357418629983,0.13033275284095017,0
0.003565260935990322,0.00012244422551293058,3.1274558079111516e-18,0.9963122948384968,3
0.003703628484345987,0.00014880769532036591,9.910761872395664e-14,0.9961475638202346,3
0.024918545973143788,0.974699458813813,0.0001448827258429142,0.00023711248720021302,1
0.9388194852302716,0.020708731282136992,0.0013452299861938313,0.03912655350139765,0
0.9388304740529164,0.020703190043393375,0.001342135739637022,0.03912420016405322,0
0.002917243348686599,0.9969495613952656,1.4043790917809228e-05,0.00011915146512999509,1
0.004635522290632557,0.9953643696439625,1.4072097319868852e-10,1.0792468401716532e-07,1
0.6393927114753778,0.05722898019438961,0.2689781776285723,0.034400130701660286,0
0.937563928505777,0.021866389745098025,0.0014338578292151752,0.039135823919909864,0
0.01417073225867039,0.961964143432112,0.023865112012926775,1.2296290882010635e-08,1
9.138379531130178e-10,0.9999999990847862,3.6157395315074966e-16,1.3754926436938322e-12,1
0.9382937827545365,0.021228620557085232,0.0013421359566439326,0.039135460731734434,0
0.00036987549198010133,0.9995420692207259,4.991884505341319e-16,8.805528729358861e-05,1
0.599162909965426,0.03366100138252904,0.34549551257652605,0.02168057607551889,0
0.6076266393589329,0.020414735693866575,0.2920704592058753,0.07988816574132522,0
0.938700112924581,0.020703875311405995,0.0013421359250537113,0.039253875838959444,0
0.011996056646225972,0.0001284072140936611,3.5317927148201546e-12,0.9878755361361486,3
0.010501131662158466,0.9894988126132641,7.407289498398104e-13,5.572383664039273e-08,1
0.04199348160057384,0.0015495531978828789,3.397893306150187e-05,0.9564229862684819,3
0.6311181283180644,0.018471179403438783,0.0010727754702816114,0.34933791680821535,3
0.0004966411456362353,0.9995033583528841,2.617563698403031e-11,4.753041699887647e-10,1
0.9373296891675736,0.020772238613988074,0.0013423167618607703,0.04055575545657759,0
0.003554809082779508,0.00012243683857557242,4.284770710133378e-22,0.996322754078645,3
0.9385734615750528,0.020707360173866565,0.001548938308694919,0.039170239942385714,0
0.0007378920093500922,0.9900676184141387,1.3458634751361582e-13,0.009194489576376712,1
0.00072496976499908,0.9992717219062096,1.3158819565070857e-08,3.2951699718088002e-06,1
0.9378864782251708,0.02073928970222131,0.0013421630127101968,0.040032069059897785,0
0.9388077557037543,0.02072080408041893,0.0013449074960522357,0.03912653271977464,0
0.9384245688053782,0.02071412367034225,0.0013421366015883666,0.039519170922691325,0
0.9368832619267637,0.020703585664077484,0.0013421361598778953,0.04107101624928084,0
0.051234375199343145,0.9457139767602144,1.5240679294446957e-05,0.0030364073611480196,1
0.050273478627505676,0.8917660588955902,4.197910237676318e-08,0.05796042049780178,1
8.2345655716804e-05,0.9999176107524387,3.5465641620291107e-10,4.323718811071436e-08,1
0.9388307052257869,0.02070295886942702,0.001342135739709517,0.0391242001650766,0
0.0010899372924140346,0.9989100627056672,2.6520746721523345e-15,1.916040604469451e-12,1
0.9387863863542631,0.020702936379484244,0.001342135739637021,0.039168541526615704,0
0.4894268808406828,0.007456213227962101,0.00013734273308164157,0.5029795631982733,3
0.011776279955876759,0.9812061524948459,7.88615243008338e-12,0.007017567541391261,1
0.7745162739814804,0.019444117547414347,0.0013082082782296476,0.20473140019287572,3
2.2469714633144817e-05,0.9999775302840145,1.31518913109997e-12,3.724536554642751e-14,1
0.0035890096967566513,0.00012243652395097784,7.808871726203956e-26,0.9962885537792925,3
0.938568455463375,0.020965186306320632,0.0013421580662515218,0.039124200164052936,0
0.6290536102228861,0.018512421968508736,0.3171788084463457,0.03525515936225951,2
0.5223662976241057,0.2697261731285905,0.1754322087008575,0.0324753205464464,0
0.0002547015020549112,0.9997452984979449,3.326921389954443e-20,1.5723878168259506e-16,1
0.543450795970022,0.027367681145678016,0.40526426168170654,0.02391726120259341,2
0.25749622226821284,0.02427225968754713,0.6968539635130214,0.02137755453121853,2
0.93244209289678,0.025333674186876144,0.0014767138976988555,0.04074751901864505,0
0.9362005630052878,0.023002096261648102,0.0013439646302206003,0.03945337610284347,0
0.9388307214985644,0.02070293717377363,0.0013421357396543744,0.03912420558800766,0
0.93878035971565,0.02072417468486482,0.0013421357514058596,0.03915332984807938,0
2.8953001633211804e-05,0.9999710441513295,1.757222028763461e-13,2.8468616019922934e-09,1
0.9360956417632923,0.023431931369364445,0.001342136500925509,0.039130290366417665,0
0.01407931121326995,0.00015661255801255718,5.408452767603839e-15,0.9857640762287122,3
8.044917197572398e-06,0.9999919394772571,1.9710232814920438e-10,1.5408443022057066e-08,1
1.130671160032884e-06,0.9999988685033557,6.960875960159565e-10,1.2939664651532298e-10,1
0.0005799372810877615,0.9993912476589449,6.124547945096274e-06,2.269051202219934e-05,1
0.18132975575136326,0.8132153479263207,9.928004866112626e-05,0.005355616273654918,1
9.229582346160116e-09,0.9999999907704177,5.884150432039838e-19,1.6227077541062869e-19,1
0.0012475944819351702,0.9986695015830946,2.1377512973405877e-08,8.288255745712919e-05,1
0.9388300665062222,0.020703597322187777,0.0013421358836534206,0.03912420028793658,0
0.2743393275675654,0.7256593824804618,5.825646971008899e-07,7.073872756357557e-07,1
0.3245831076583911,0.6753656839004311,4.9324154655018336e-05,1.8842865227975287e-06,1
0.001089915532345914,0.9989100844667552,1.4579811445045801e-16,8.987746429270444e-13,1
0.3323942102628635,0.023384021060866112,0.6176723450398431,0.026549423636427243,2
0.8960769081633645,0.027395879620052882,0.0013421461268629594,0.07518506608971977,0
0.0035526069726573525,0.00012243648624542467,4.897460783751963e-30,0.9963249565410973,3
0.6054679165578882,0.06883149024588771,0.2974447699146315,0.028255823281592634,0
0.260776248556556,0.7385774601395733,0.000333335801369877,0.0003129555025009507,1
0.02406387260279265,0.9759239091343564,9.414316909628441e-09,1.2208848534058156e-05,1
0.0038288743873173534,0.9961709650150329,2.902574314585852e-11,1.6056862411153783e-07,1
0.5036276120387488,0.4511459280587558,0.018965643059701918,0.026260816842793577,0
0.8689238609322908,0.020897882102947213,0.0013424437509739371,0.10883581321378817,0
0.00013258356948093742,0.9998674162902854,4.223155453089294e-12,1.3601055461767986e-10,1
0.9085594105740343,0.025371906474933037,0.03116248891517979,0.03490619403585274,0
0.02329134502598139,0.9767086506732907,3.59278929211261e-13,4.300368628046649e-09,1
0.013899820688890592,0.9622072072412465,0.0238929717033121,3.6655075064726306e-10,1
0.9377616307220275,0.021766913271343082,0.0013421358681130538,0.039129320138516555,0
0.5616107816895398,0.3617865115463113,0.047801020351728875,0.02880168641242009,0
0.04159881309455319,0.9584011849067146,1.5015166490141417e-09,4.972156887530215e-10,1
0.9373974052732033,0.020704741427731533,0.0013421698565177955,0.04055568344254754,0
0.3335795729037178,0.29945846996912734,0.3452859322736847,0.021676024853470217,0
3.0064888663892655e-05,0.9999699194812223,1.3324586015695366e-12,1.5628781360785085e-08,1
0.5841864149868776,0.030150774461933687,0.36427224554765303,0.021390565003535655,0
0.9380288986866029,0.020731878141759905,0.0013421497159014466,0.03989707345573591,0
0.938475043512987,0.020704002021800633,0.0013431257921898193,0.03947782867302262,0
0.9387515406896082,0.02073189770345533,0.001342184140589173,0.03917437746634724,0
3.0564870403710224e-08,0.9999999578042317,1.9711288948591914e-11,1.161118660308326e-08,1
0.0011139165896112823,0.9988851429169457,3.3754038325231343e-12,9.404900677305637e-07,1
0.8859981963897178,0.028718053671674727,0.04982965141839004,0.0354540985202175,0
8.430429818104192e-05,0.9999113069202767,1.3431149788247497e-07,4.254470044422409e-06,1
0.30636007620986305,0.024272308765906497,0.647989942226738,0.021377672797492423,2
2.062003853971098e-10,0.9999999997937995,1.8366949490315623e-16,1.313465528722782e-19,1
0.0036223273062217704,0.00012249663600028143,3.3372497097446446e-16,0.9962551760577778,3
0.91676192320621,0.02199222871610897,0.0257893702577702,0.03545647781991074,0
0.0205301236410173,0.979469598688532,5.186716789420179e-08,2.258032828162149e-07,1
0.8427680766438773,0.08921477468481954,0.020832442159793328,0.04718470651150991,0
0.7440131668893512,0.020717950208596774,0.0013421357459798208,0.23392674715607223,0
0.6440655215979967,0.01647339419308094,0.29206954783125644,0.04739153637766589,0
0.6926073951356558,0.24133676774332,0.031149638160776445,0.034906198960247735,0
0.00041309076285123717,0.9995869070848324,1.06833727761144e-10,2.045482602375159e-09,1
0.9382828418722772,0.020987511903696836,0.0013421852696735345,0.03938746095435244,0
1.5754362087906558e-08,0.999999973268849,1.463298857820401e-11,1.096215577990254e-08,1
0.25750569039572707,0.02427275126349593,0.6968440038053495,0.02137755453542739,2
0.0035638505913557273,0.996435989427218,1.7013273883115753e-08,1.4296815236457702e-07,1
0.937686071333493,0.021434147625845047,0.0013426455217267232,0.0395371355189353,0
0.02887763543977064,0.0001259279500517587,2.498919651520791e-13,0.9709964366099278,3
0.4545902123045491,0.5130977814792891,0.006601441421498741,0.02571056479466313,1
0.33233593946019996,0.6517293824231458,0.00037669375811825236,0.015557984358535943,1
0.9386251479686084,0.02070400183293605,0.0013421444203233757,0.0393287057781324,0
2.8260879174646634e-07,0.9999997164354069,3.531381924382182e-12,9.52269870548235e-10,1
0.573806564214753,0.019296430592212012,0.0013081583925349995,0.40558884680050017,3
0.9378595891453525,0.020740740630322278,0.001342166329483278,0.04005750389484208,0
0.4707808665559434,0.5017171164052562,0.001241172162141195,0.026260844876659223,1
0.25840781015204256,0.024318617595749742,0.6958960168139151,0.021377555438292502,2
0.006891557713823684,0.9931084420422666,2.8792927938335474e-11,2.1511693452936318e-10,1
0.005414227082926895,0.00012497619920891236,3.615183682328889e-17,0.9944607967178642,3
0.9379931903584326,0.020733691798805323,0.0013421524422914802,0.039930965400470565,0
0.003570991386513782,0.0001226695385438649,1.825072993291913e-21,0.9963063390749425,3
1.0432349809669262e-07,0.9999998956757956,1.7020041664975127e-15,7.0460723827291e-13,1
0.7371840292664075,0.2015701458482008,0.025789368786735795,0.035456456098656,0
0.426560787006722,0.5231878568251009,0.0248369220185235,0.02541443414965358,1
1.840176590715973e-10,0.9999999998159822,1.024273203201382e-27,1.3660890452582958e-16,1
0.9371558790700932,0.021626375558520965,0.0013445505230142818,0.03987319484837168,0
8.407303305934724e-07,0.9999991576654432,8.821129154990562e-12,1.5954050850642636e-09,1
1.301259127986274e-08,0.9999999867006711,6.153600095524831e-14,2.8667608766437085e-10,1
0.26782910924850034,0.024744358676610945,0.6859918773895738,0.02143465468531495,2
0.9365685303042439,0.022730533906890556,0.0013428934576260973,0.039358042331239546,0
0.000634103389808592,0.9993623036810337,1.5579047382592658e-08,3.5773501103772976e-06,1
2.2068112854739708e-06,0.9999977931566101,1.7208462206862936e-13,3.19325020108035e-11,1
0.9385648341786087,0.020709116354367698,0.0013421358911070447,0.03938391357591655,0
0.8101144181387757,0.14941096900083128,0.0013432875338035485,0.039131325326589424,0
0.0203850513566692,0.004028338247043577,2.687999188317556e-12,0.9755866103935994,3
0.017623856695188445,0.9822422063285433,2.5013919977050092e-05,0.00010892305629118925,1
0.9388307274485673,0.02070293663145916,0.0013421357558336272,0.03912420016413998,0
0.5794351121839808,0.02020151661419962,0.0010003313884703374,0.3993630398133494,3
0.0035703575142849407,0.0001224494835390228,2.974340174298528e-18,0.9963071930021762,3
0.6451768365188618,0.29863990524153,0.024392899239617693,0.03179035899999047,0
0.20055082848570768,0.7853635166673948,0.00037051318295790257,0.013715141663939575,1
0.9360657609774946,0.02084712942053521,0.0013455356054253083,0.041741573996544844,0
5.170800593433655e-08,0.9999999447475583,7.182435775753783e-12,3.5372532961090054e-09,1
0.7939808953995423,0.01847158216766066,0.0010727754705355957,0.1864747469622615,3
9.07531073705005e-06,0.9999907009862018,1.4897608192012722e-11,2.236881635295464e-07,1
0.006195411374635425,0.9937913039890821,2.0649179313568559e-10,1.328442979070519e-05,1
0.8444996274909758,0.115020785665214,0.0013480978185592223,0.039131489025251015,0
0.800690864093642,0.1587987866300213,0.0013607825257404497,0.03914956675059621,0
0.9387250118285001,0.02070462899680879,0.0013421357430475258,0.039228223431643776,0
0.005886186568478128,0.9902224863956571,7.877574744890421e-10,0.0038913262481072766,1
1.434509793528699e-06,0.9999985649473367,3.5810572585227037e-12,5.392886967408426e-10,1
0.938539531884305,0.020994130961787597,0.0013421357396373075,0.03912420141427025,0
0.9386506932246567,0.020863424927075828,0.0013421358500456226,0.03914374599822199,0
5.030143490105606e-05,0.999917695111549,7.461319832626599e-18,3.200345355001423e-05,1
0.0016349089082539866,0.9983642007536094,9.469659688104318e-09,8.808684769093457e-07,1
0.09296461261643353,0.9069831371767151,9.496808400378501e-07,5.130052601153313e-05,1
8.82750821178103e-05,0.9999115744073191,4.538933178158543e-09,1.4597162980087578e-07,1
0.0036400403206167976,0.00012261280319593793,1.0284359516842394e-16,0.9962373468761873,3
0.709306757530416,0.01847120617428323,0.0010727754702787693,0.271149260825022,3
0.9372617432708715,0.02183775676163312,0.0013426160914891425,0.0395578838760062,0
0.9195558506895555,0.03997722947065876,0.0013424551487041432,0.03912446469108169,0
2.6616788237600847e-11,0.9999999999733832,2.4641010472690565e-17,1.1568650275921386e-17,1
0.006105824743640746,0.00012915538648088922,8.863011048189942e-11,0.9937650197812484,3
0.24549979458757065,0.0020139769921959897,0.12690637227365245,0.625579856146581,3
0.2576750925382759,0.024274078364585675,0.6966732744092569,0.0213775546878814,2
0.9189506059723312,0.03931778889914828,0.0013630869232122108,0.04036851820530831,0
0.004491970468521712,0.00012649042190401318,1.5263220714456094e-16,0.9953815391095743,3
0.2574962899640901,0.024272245000995656,0.696853910503093,0.02137755453182123,2
0.005663065971479749,0.9943369339072771,1.3167858331911304e-11,1.080751946998863e-10,1
0.9336976880910565,0.021080623754648226,0.0013686514617888893,0.04385303669250654,0
3.723649269786547e-05,0.9999627572318689,1.3557147313445823e-10,6.1398617876447304e-09,1
0.5415244535076227,0.06962225668464664,0.3670699769488932,0.02178331285883738,2
0.5771121242097662,0.01847109634456043,0.0010727754702767516,0.40334400397539666,3
0.9388275607725783,0.020706003609360753,0.001342235123612096,0.03912420049444899,0
0.061518970217112896,0.0015495651502874259,3.39789330616462e-05,0.9368974856995381,3
0.9388245987606819,0.020703119720054414,0.0013421383065336321,0.03913014321273003,0
8.037738591522274e-05,0.9999196195580636,2.9019009546977452e-11,3.0270020827645106e-09,1
0.43521509385518375,0.020567513549692534,0.5154054231750507,0.02881196942007307,0
0.9384677168807621,0.020729008440712855,0.0013421379728116873,0.03946113670571338,0
0.9367579900516555,0.022775643803407773,0.0013421357409615683,0.03912423040397526,0
0.5886776633939071,0.026104507696279325,0.36383783324013824,0.02137999566967515,0
0.8887097239384327,0.02758046921295008,0.0483460082746535,0.03536379857396383,0
0.03471597922870002,0.9475595496734659,0.01772447109783402,2.172877908964073e-17,1
0.2575605719662016,0.024437990838147305,0.696623882657426,0.021377554538224985,2
0.05263645616854323,0.0017058801772770339,3.397893625366119e-05,0.9456236847179261,3
0.9212374043322837,0.02070446788404634,0.0013421365982586024,0.056715991185411464,0
6.136194768111122e-08,0.9999999352031849,7.402090850335446e-12,3.427465418363152e-09,1
0.9091166640850205,0.02475526686778311,0.030465676785553245,0.0356623922616434,0
0.0015814168250099774,0.9984185831749882,4.5558312717007214e-20,1.8069016616522182e-15,1
0.938830726020734,0.020702938023938997,0.001342135739966474,0.03912420021536051,0
0.01600992622619556,0.9839896873529947,3.1295831823057296e-07,7.346249144342095e-08,1
0.9388167916521452,0.02070293654403731,0.0013421357396371733,0.03913813606418045,0
0.9387989597437748,0.020733718327699557,0.0013421357450443384,0.03912518618348143,0
0.9378722571478969,0.020780158800679318,0.0013422155039394326,0.04000536854748427,0
0.005003096177085441,0.00012359127988778942,1.146853021293427e-14,0.9948733125430155,3
0.6728669659927223,0.2658858815290638,0.025789770996467093,0.035457381481746764,0
0.005519262247570892,0.000124166057075083,1.9345974228361756e-16,0.994356571695354,3
0.03871699591788764,0.9612824951187617,5.1716186069362985e-14,5.08963298853515e-07,1
0.611720188893606,0.35267961844093404,0.0011273659233581813,0.034472826742101705,1
3.3343990001513703e-06,0.9999966622113715,3.0735172855058254e-11,3.358893149576295e-09,1
0.2574962840495439,0.02427224504260529,0.6968539163738955,0.0213775545339553,2
2.8418739886285293e-06,0.9999968919693858,2.3782233533017116e-09,2.6377840223004205e-07,1
6.121955945256979e-05,0.9999387804405452,5.084254326484112e-17,2.212307793006027e-15,1
0.9386627542087709,0.020870901612861082,0.0013421357794571505,0.039124208398910974,0
0.10289996995582301,0.836343479177807,3.3338228164062384e-08,0.06075651752814185,1
4.806698506813755e-06,0.9999951877321737,5.794672532418736e-11,5.5113727522704e-09,1
2.286694877322913e-10,0.9999999996465273,1.8926044977092986e-13,1.246139738546535e-10,1
0.8893914487574595,0.059307130399572756,0.01903262835226141,0.03226879249070639,0
2.2327543021222297e-11,0.9999999999578396,7.505740407300724e-15,1.9825289146184708e-11,1
0.0010912234688321709,0.9989087765304155,4.51420352473479e-15,7.479347622108578e-13,1
0.9145818349973044,0.02170136108395193,0.02612929496029023,0.037587508958453364,0
0.9377199654671294,0.021809450040683197,0.0013421358332255378,0.039128448658961944,0
0.3776907822775335,0.09576105586093124,3.4022628499932606e-05,0.5265141392330354,3
6.258355322631231e-08,0.9999999373976515,3.8840922165305594e-14,1.8756296374506868e-11,1
0.0013798872303274633,0.9986201056825523,3.3684234206492703e-10,6.750277951162571e-09,1
5.0228059219390955e-06,0.9999948212179127,1.7007060762038729e-09,1.5427545930844238e-07,1
7.581848274666654e-08,0.9999999241773713,3.889372592937819e-12,2.566297875137539e-13,1
0.9352211582022086,0.02122271763115281,0.0026654628221632576,0.04089066134447535,0
0.004917250998394451,0.00012330886653927808,6.038485282352896e-18,0.9949594401350664,3
0.041553582578978114,0.9337044024635873,0.01772447109778549,0.007017543859649135,1
0.6461426533242025,0.27429790517778857,0.0016057975800790152,0.07795364391792996,3
0.29391712727416563,0.7060827347358621,8.43051033106013e-14,1.379898879634584e-07,1
0.20125274055964035,0.7846655215536531,0.000370325963589737,0.01371141192311666,1
0.9388307277055644,0.020702936374768596,0.001342135739637021,0.039124200180030065,0
0.93868265027047,0.020849460403555013,0.0013421357746734059,0.03912575355130141,0
0.15066959159960566,0.0016575024546469847,3.397980620525131e-05,0.8476389261395422,3
0.9093294769688072,0.020703913683730858,0.0013421357619540504,0.06862447358550801,0
0.9385417032059061,0.020703891370893717,0.0013423622017810046,0.03941204322141931,0
0.0001221819831997001,0.9998778170230177,3.208155649485013e-11,9.617010960146995e-10,1
0.6425834957032519,0.28468938919642417,0.0016071329332370064,0.07111998216708705,3
0.4788737378682508,0.016495839206569073,0.29206954768826887,0.21256087523691122,0
0.9169864234934622,0.02176775283875358,0.025789368786075673,0.03545645488170857,0
0.013898094551151536,0.9622087839390816,0.023893121163903092,3.458638508349706e-10,1
2.752271149383366e-05,0.9999684125428295,4.933985109922494e-07,3.5713471657940797e-06,1
0.8863404039904452,0.04760376639377695,0.031149638147575005,0.03490619146820285,0
0.227920939706775,0.7720573914787995,1.9950718670358075e-12,2.1668812430338065e-05,1
0.584252846594738,0.08032136907200953,0.29996932958415584,0.03545645474909669,0
0.0035664756627461734,0.0001226267019123271,5.885626707055513e-17,0.9963108976353415,3
4.86068567031195e-09,0.9999996023078034,1.2637632111855595e-24,3.928315110276655e-07,1
0.001091655993432458,0.9989083380939844,2.8711529627506337e-12,5.90971213315825e-09,1
0.25749791626280755,0.02427234183181513,0.6968521873720332,0.0213775545333439,2
0.007900782405840844,0.9920990089083306,1.4962623041056354e-10,2.0853620251533246e-07,1
0.27903318587520226,0.02093543965225274,0.6783574594916114,0.021673914980933517,2
0.9271024974172414,0.02070419876194952,0.0013421359059225923,0.05085116791488658,0
0.9381230228932042,0.020746812940000064,0.001342136381570598,0.039788027785225215,0
0.2574962143170003,0.024272244996778842,0.6968539861550024,0.02137755453121853,2
0.9387247066175218,0.020702998353610395,0.0013421357402496486,0.039230159288618144,0
0.9367786293630261,0.020703314347195877,0.0013421357396866654,0.04117592055009129,0
0.9369764128382267,0.022100809501330365,0.0013427127801649097,0.03958006488027799,0
2.888806927752591e-05,0.9999666442968581,6.530663978292394e-07,3.814567466535927e-06,1
0.2574982218985618,0.024272260189799125,0.6968519633802225,0.02137755453141643,2
0.9381633319893986,0.021269602622563163,0.0013421558760033467,0.03922490951203489,0
0.9379500578991461,0.020735922957890753,0.0013421562497627829,0.03997186289320039,0
2.0879280793222784e-05,0.9999791191227366,4.454479219189735e-11,1.5519254794660623e-09,1
0.8023699695071974,0.01825942818603775,0.14561397858153147,0.033756623725233435,0
0.4841821166556836,0.4357445169886778,0.05122684337159378,0.02884652298404473,0
0.9387743212729172,0.02070315594277231,0.0013421357541778388,0.039180387030132796,0
0.28434343090496844,0.007942264429199772,0.0003727286514445612,0.7073415760143873,3
0.8405754812650783,0.10771071613350541,0.0070866973081311875,0.04462710529328512,0
0.625266253911151,0.016473379126831333,0.29206954767602894,0.0661908192859888,0
0.9171062438978596,0.021625801682641322,0.02578936878628138,0.035478585633217735,0
3.9800618841388776e-05,0.999960198184162,1.317948517180066e-13,1.1968648168908761e-09,1
0.9387774378420201,0.020703312602554237,0.001342232285510537,0.03917701726991513,0
0.9384618404084665,0.02070422596059307,0.0013428535258832909,0.039491080105057225,0
0.003699624320140845,0.00012261436879438493,8.922611738340009e-15,0.996177761311056,3
0.849588347653714,0.020703435163108807,0.00134213574024178,0.1283660814429354,0
1.5914571893900878e-07,0.9999998408536621,1.5252546991648076e-13,4.664330223799098e-13,1
4.8364554038054455e-05,0.9999516345118158,2.1751294522815257e-11,9.12394892756009e-10,1
0.9387020079576808,0.020703334173747034,0.0013421389204484244,0.03925251894812384,0
0.5035094777860512,0.0164908813269264,0.29206954766789694,0.1879300932191255,0
0.32231492210264195,0.3519998207110455,0.29742981701603477,0.02825544017027773,0
0.24010601940109996,0.0020237067738322657,0.023164983172025738,0.7347052906530421,3
1.815110573571802e-07,0.9999998125098585,1.915799749955008e-11,5.9599261851253484e-09,1
0.051852636826790234,0.001736742592065841,3.397893306164693e-05,0.9463766416480824,3
0.001292444811074815,0.9975296729987276,6.458502263786877e-10,0.0011778815443473957,1
0.0067702333742040285,0.9931872034701131,5.8314695987394064e-06,3.6731686084050654e-05,1
0.00015366818103463737,0.999846331626963,6.616088798324965e-12,1.8538627638667937e-10,1
0.9387279508914492,0.020704095478033094,0.0013421357497257853,0.0392258178807919,0
0.9388261977850445,0.020702939951085218,0.0013421357396398374,0.039128726524230516,0
0.936808164039456,0.020938116394650166,0.0013421492710300007,0.0409115702948639,0
0.0019113796225884644,0.9935555875645088,2.9947879597366723e-06,0.0045300380249430165,1
0.0010899156146038263,0.998910084382033,7.560585510810107e-16,3.3623554372532397e-12,1
1.5234471421608207e-10,0.9999999998407043,1.6148098259980938e-15,6.9494068544471695e-12,1
0.06555751082116018,0.9342202758822961,2.8466188733506697e-10,0.0002222130118818043,1
0.938617721340925,0.020911846946878476,0.0013421357466712723,0.03912829596552526,0
1.2029721995267635e-06,0.9999987963109919,4.4500157050847455e-12,7.123586437088376e-10,1
0.0003360234481461896,0.9996492283578527,2.699327884694225e-06,1.2048866116440767e-05,1
7.041566776166564e-06,0.9999929521998568,1.5745577701754893e-11,6.21762154942796e-09,1
0.1681858151104433,0.8317708214288876,5.208531304459303e-07,4.284260753867146e-05,1
0.05037146964643079,0.9496285303112719,2.7438074024461754e-18,4.229733034306732e-11,1
0.5499648329954475,0.4019336882861242,0.009877008618992726,0.03822447009943556,0
0.938802253527939,0.020710250595367432,0.001342624830379514,0.03914487104631401,0
1.459789571097429e-07,0.999999854020979,1.7023097812720354e-16,6.383481710310295e-14,1
0.9293748369349265,0.030144962079783854,0.0013486069329081002,0.03913159405238146,0
0.8861591523586222,0.07245058146647906,0.0020372369703581124,0.03935302920454079,0
0.15933022040262396,0.8277054178947596,0.00010096383080725158,0.012863397871809129,1
0.8026688337746289,0.01825865745044672,0.14556440239838567,0.03350810637653886,0
0.0025854794145358626,0.9974145179097499,2.5977172418281818e-09,7.799691578374608e-11,1
0.4407823243801559,0.5269054575576696,0.00660144133025848,0.025710776731916112,1
0.6985359528094962,0.19783037765494096,0.04441723481702067,0.059216434718542155,0
0.8850811268065885,0.04884579218189903,0.030111396113076005,0.03596168489843637,0
0.9385456362909089,0.02070387645129369,0.001342347132197817,0.03940814012559952,0
0.7519829851313476,0.020761931624359648,0.0013421389468922726,0.22591294429740036,0
0.0007789694134722392,0.9992028029875857,1.2175336543779058e-06,1.7010065287727642e-05,1
6.175053241274329e-08,0.999999938249457,3.2092068973037327e-15,7.369734492083527e-15,1
0.04646982500959953,0.9535276402943696,4.986234488573154e-07,2.0360725819953864e-06,1
0.8887016448228215,0.02758435666810145,0.04835019643805532,0.03536380207102182,0
0.16870219013046892,0.0015659088118870647,3.397894272078628e-05,0.8296979221149233,3
0.04481547775894005,0.001549608952840828,3.39789330615027e-05,0.9536009343551576,3
1.2867107565997162e-13,0.9999999999998712,7.545100989200296e-22,4.7047212921680923e-17,1
0.5182717722635434,0.44941464941947745,0.006601456331871292,0.025712121985107857,1
0.9171287951587742,0.021625381104349656,0.025789368786095546,0.03545645495078053,0
0.05681760519606016,0.0020109853863339703,0.023167401276901364,0.9180040081407047,3
0.04442899651571423,0.001549564249720353,3.397893306150187e-05,0.953987460301504,3
0.015599965904732794,0.9843983609365731,2.9075926140405357e-07,1.3823994327037725e-06,1
0.9388166081900092,0.020705043812204,0.0013421357552187805,0.03913621224256797,0
1.1043755865354048e-06,0.9999838819401382,5.21750344836583e-14,1.501368422307586e-05,1
0.9312542346257452,0.023388770016549067,0.006758224261285572,0.038598771096420174,0
1.540874244746619e-06,0.999997346917287,2.9936957527468987e-13,1.1122081687582657e-06,1
0.3030499150735754,0.023378806529300928,0.6485182329588906,0.025053045438233158,2
0.9171287992160714,0.021625376556327052,0.02578936932497054,0.03545645490263107,0
0.0001941045000643549,0.999805876114343,7.5571345389101e-10,1.8629879241175608e-08,1
0.6565507029337889,0.016868358050873694,0.2920951566451774,0.03448578237015997,0
0.2227400173213998,0.001679520207401513,3.397894407997607e-05,0.7755464835271187,3
4.435993442012673e-11,0.9999999999556062,4.777390309851041e-18,3.378808821606486e-14,1
0.0037343550745395533,0.0001225472164582409,1.0679861274530026e-15,0.9961430977090012,3
0.004016082892435346,0.0001232085256085671,3.7067568673981423e-13,0.9958607085815855,3
3.912897695939048e-08,0.9999999559503389,2.2124313827866323e-14,4.920662035986025e-09,1
0.938830579647798,0.02070305140986546,0.0013421357400809992,0.039124233202255415,0
0.938826620092077,0.020702936569363062,0.0013421357396370213,0.039128307598923114,0
0.9388307162929891,0.020702947557627627,0.0013421359851607667,0.03912420016422262,0
0.9387206204270667,0.02080834960202151,0.0013421357437120556,0.039128894227199694,0
0.9372942764724135,0.020706262457902636,0.002138524754172043,0.039860936315511825,0
0.9379296438273513,0.02073699398404705,0.0013421582643349701,0.039991203924266694,0
0.9295303045203581,0.025147901569500992,0.00670243729883004,0.03861935661131085,0
0.0010899170719622538,0.9989100829274404,3.1738999620007893e-16,5.969573677010494e-13,1
0.04542986903334637,0.9545121144552201,1.4704815848330178e-12,5.801650996307738e-05,1
0.9171128898694807,0.02163177327065882,0.02578938083143471,0.035465956028425734,0
0.001564733962594141,0.9984352454909762,5.960358513232205e-16,2.0546429082742376e-08,1
0.6739268469566287,0.2902667483509969,0.0013733929718591387,0.03443301172051524,1
0.02031908075906515,0.9796808866429512,5.19557008446e-10,3.2078426705645395e-08,1
0.6653670684882633,0.020704053767738106,0.0013421357396379019,0.3125867420043607,0
0.9354406591872805,0.020917011042552155,0.0013471128646916984,0.042295216905475795,0
0.9387599900777394,0.02070387892712824,0.0013421358095624433,0.039193995185570076,0
0.9382422910629308,0.02072172486511482,0.001342139678378526,0.03969384439357602,0
0.5745206063861099,0.01929961416054941,0.0013081590978331703,0.40487162035550756,3
0.0037157071497665624,0.00012255771588295898,2.1612232175360022e-16,0.9961617351343505,3
0.20118432164210223,0.7814739529538519,0.00038004257352392234,0.016961682830521834,1
0.5873199418308581,0.024273104453710614,0.36624634569516745,0.02216060802026375,2
0.003560307908590512,0.0001224460429209896,3.562606110141914e-21,0.9963172460484886,3
0.6259667770264189,0.3462559731476835,0.0012411719932652536,0.026536077832632243,1
0.008865057571718744,0.991134917086717,1.5020164268540416e-15,2.534156283006526e-08,1
7.948341171383854e-07,0.9999992038465694,7.096346467164602e-12,1.3122170204202214e-09,1
0.03473690730675918,0.9652630920338677,2.6144181436401304e-12,6.567586985505542e-10,1
0.9383246895637741,0.021201103319968457,0.0013421358368550232,0.03913207127940248,0
0.9388307134279973,0.02070295066111293,0.0013421357396393603,0.03912420017125048,0
0.842047203677805,0.11343857706516448,0.012798694366929195,0.031715524890101425,0
4.21590369969693e-12,0.9999999979138027,2.081981417737694e-09,3.295886881289029e-22,1
0.9388307277159386,0.020702936377307742,0.0013421357396370237,0.039124200167116686,0
0.9388304121746683,0.020703223316523273,0.0013421641951702262,0.03912420031363831,0
0.22394891526141605,0.7187040638366048,5.212615279440842e-08,0.05734696877582626,1
0.11249426912309672,0.8874990300707442,1.3446849530162964e-09,6.6994614741314855e-06,1
0.5024224577056137,0.05157525094470387,0.4229845617421379,0.023017729607544432,2
3.06338214252961e-09,0.999999996936578,9.07461597678806e-17,3.976936333846779e-14,1
0.05568038947269863,0.0015700451298603366,3.397893401034362e-05,0.9427155864634308,3
0.9381838884915945,0.02086300725707563,0.0013422077313939244,0.039610896519936045,0
0.29927317653494095,0.003661855430761704,3.3978943574826765e-05,0.6970309890907226,3
0.0005851582776759354,0.9994052804931295,2.144622963443286e-15,9.561229192400166e-06,1
0.9386088932985368,0.02070373186758814,0.001342135749640617,0.03934523908423452,0
2.6471261908445026e-07,0.9999997352873189,1.268934388162203e-14,4.928204876843796e-14,1
0.8886550423196433,0.02758094833324588,0.04840019945713699,0.0353638098899739,0
0.9373899924750213,0.022132189447911576,0.0013421367624996286,0.03913568131456744,0
0.9388217244594651,0.02071193896922868,0.0013421360350458957,0.039124200536260416,0
0.9299442561354114,0.022475539866642986,0.0013421363635258271,0.046238067634419844,0
0.9371505231767662,0.022373765653122425,0.0013421366009297088,0.03913357456918182,0
0.08195668576249818,0.4646839600418727,0.4475533254608728,0.005806028734756548,1
0.01636982942987709,0.9836276771673885,4.412554781352588e-07,2.052147256341841e-06,1
0.059893758955769934,0.003639591918409887,3.397971517679201e-05,0.9364326694106434,3
0.6541067587825317,0.3006156886588668,0.00670245878818802,0.03857509377041362,0
0.9375440926483236,0.021885422376381494,0.001342146598518993,0.039228338376775945,0
6.717014276704676e-08,0.999999932829458,8.16335771287241e-16,3.984649148395922e-13,1
6.785401426192754e-05,0.9999321459712635,1.1440943513077745e-19,1.447459865335878e-11,1
0.005958951025162903,0.9935760658642634,7.870535694776464e-10,0.00046498232352016196,1
0.0004288823221083908,0.9995644223518414,4.375417836603165e-08,6.651571871873838e-06,1
0.003563789159718752,0.00012244309430495368,2.0942723329546242e-18,0.9963137677459764,3
0.8598313058113831,0.020703524926454275,0.0013421357435843076,0.11812303351857834,0
0.609409968341549,0.023424553935258535,0.342088200312096,0.025077277411096426,0
0.9388288659543703,0.02070293648290189,0.001342135739637021,0.03912606182309089,0
0.9171271843300492,0.021625376622347713,0.02578936878618999,0.03545807026141301,0
0.2599769137951393,0.024272288942553,0.6943463731113262,0.021404424150981538,2
0.8842631520531835,0.03201698325333007,0.0483460092176034,0.03537385547588311,0
5.166610423015771e-09,0.9999999944695284,1.387446668183918e-17,3.638612249946554e-10,1
0.2888130109750024,0.014240469433391243,0.2918001873876934,0.405146332203913,3
0.6615029630594839,0.017428613496733285,0.2920696627973441,0.028998760646438804,0
4.885380244125049e-06,0.9999951146197169,3.9017859590997325e-14,6.702469421978115e-17,1
0.9380000053586132,0.021527493743033376,0.0013421358667221044,0.03913036503163143,0
0.9357663030727266,0.020709064821418613,0.0013481341805182906,0.042176497925336585,0
0.9387205508463788,0.020813045680620812,0.0013421412160809466,0.0391242622569194,0
4.555948692838694e-08,0.9999999544379493,4.63619969370375e-15,2.559063852964702e-12,1
0.2447953538046853,0.24846016185139774,0.4853669298092063,0.021377554534710574,2
0.9386780969258224,0.0207041859194042,0.0013421360199721343,0.0392755811348014,0
0.9171285394609515,0.021625522479631665,0.02578936878603801,0.03545656927337868,0
0.8253231097628344,0.1253348219670526,0.009772104839977912,0.03956996343013535,0
0.2574979710653423,0.024272244977073257,0.6968522282425677,0.02137755571501689,2
0.27518734823327873,0.024273306333373868,0.6790988576703532,0.021440487762994214,2
0.001089915641448869,0.9989100134744392,5.414963770814395e-21,7.088411184928093e-08,1
4.197560262168333e-06,0.9999958022515356,1.807295031149628e-12,1.8639483450095064e-10,1
0.00016850101767965325,0.9998314909723862,1.1896468280554704e-10,7.89096943183705e-09,1
1.326296674278756e-06,0.9999986737027474,3.478251884884826e-15,5.748284387779886e-13,1
0.7884839504773246,0.15021147383678662,0.025814925154622543,0.03548965053126626,0
0.015664299085494073,0.9843336604169765,6.882656997080672e-07,1.3522318298591183e-06,1
0.004169969566526836,0.0001232610129358551,8.868710733534507e-16,0.9957067694205365,3
0.9075411626188216,0.02071630720909742,0.0013421357502733037,0.07040039442180783,0
0.2159807903072294,0.783999580206487,2.1322220851362362e-07,1.9416264075101418e-05,1
7.302687591917238e-08,0.999999926973124,1.3754597620353614e-20,2.021493139638511e-17,1
0.004216881439770813,0.00012365976163174032,1.1930725042179714e-12,0.9956594587974045,3
0.2890870351970216,0.014240804956822508,0.2918001873859018,0.40487197246025414,3
0.9366615371899498,0.0207125971132406,0.002767600822574923,0.03985826487423475,0
0.9373126274095096,0.02176875550898773,0.0013432130645916693,0.03957540401691091,0
0.0005102809461843404,0.9994895504125152,9.688977168923645e-13,1.686403315983066e-07,1
0.6566260935587815,0.022019839333331945,0.29209759305312644,0.0292564740547601,0
0.13241280605524777,0.6661810387024247,0.19245505563107126,0.008951099611256086,1
0.935252863368548,0.024209036342363318,0.0013422962609983616,0.03919580402809044,0
0.3370189725397466,0.023361932123419627,0.6143617420157254,0.025257353321108483,2
0.9388307270383347,0.020702937057608044,0.0013421357399750623,0.03912420016408217,0
0.002137171188056114,0.9978012621905797,5.822995824885494e-06,5.5743625539270574e-05,1
0.003552665018824893,0.00012243648927768514,2.45724678256867e-27,0.9963248984918974,3
7.103007599812632e-10,0.9999999992763091,5.4631481225909955e-15,1.3384596117644981e-11,1
0.7008538425290206,0.24267781390701426,0.02579411333437433,0.030674230229590982,0
0.6122564296435935,0.023353817113954,0.33934322383477306,0.025046529407679503,0
0.0038912960601026115,0.9961087039397487,3.384619977556357e-17,1.486895850773274e-13,1
0.004432582468421645,0.00012424214588049483,1.9981073449338523e-12,0.9954431753836999,3
0.013918833205797667,0.962216018097489,0.023865148087211945,6.095014084013233e-10,1
0.004667320238912773,0.00012250656874667227,1.2022305097732493e-16,0.9952101731923406,3
0.00878320138807337,0.00013170946727247303,9.729757439787099e-11,0.9910850890473567,3
0.9385703685462089,0.020962574399311873,0.0013421358077457095,0.03912492124673356,0
0.32230027919592946,0.35179376605107254,0.2974298170155223,0.02847613773747566,0
0.9380626970986755,0.020883520643151104,0.0013422093463587071,0.039711572911814756,0
0.27903208316067274,0.35400888086929055,0.3452851739486884,0.021673862021348262,0
0.607127076054137,0.3524059198265876,0.0013421357434306586,0.039124868375844765,0
0.9373489454932038,0.020704844442676725,0.0013421705808444346,0.04060403948327515,0
0.17107872371243596,0.002032105817976603,0.0231649832006758,0.8037241872689118,3
0.10211265803029423,0.8978873412557871,4.589130291467045e-13,7.13459846038101e-10,1
0.33673232432831707,0.3514624645015712,0.28571778780524454,0.026087423364867145,0
0.33566791024776177,0.0001403823218735271,2.5048947100325483e-07,0.6641914569408938,3
0.9388300576255828,0.02070298706599301,0.0013421360251964023,0.03912481928322793,0
1.8109156703311916e-06,0.999998189081973,1.6063636621415997e-14,2.340546678522013e-12,1
4.8967333107082354e-11,0.9999999999510122,2.971325010503668e-18,2.037342431537779e-14,1
0.003612279066591837,0.00012244675803858501,7.22250542871997e-16,0.9962652741753689,3
0.9386328398578642,0.020707019919251845,0.0013421357846316602,0.03931800443825237,0
0.30761736238068105,0.017394759557673792,0.6498499219403319,0.025137956121313393,2
0.029325602411136586,0.3905760732277146,0.003174603174603175,0.5769237211865456,3
0.9358185635895057,0.023677685653182522,0.0013421694121970905,0.03916158134511479,0
0.9171278888826776,0.021625376563422467,0.025789368786229238,0.03545736576767069,0
0.008739228259189227,0.9851304911058398,0.00613026848324685,1.2151724143712725e-08,1
0.5686105593912235,0.019276789820470902,0.0013081568094216994,0.41080449397888397,3
0.043124234178334366,0.0015524524926243336,3.397893314051836e-05,0.9552893343959008,3
5.433277713530688e-05,0.9999456569321371,1.3947095586975128e-11,1.027678038647894e-08,1
0.002093167131684516,0.9979060568938954,3.5009650263306083e-13,7.759740698547484e-07,1
6.746795812136896e-07,0.9999993240745804,6.658899904313796e-13,1.2451725305758991e-09,1
0.9386458230506441,0.020704314390643682,0.0013421453046340683,0.039307717254078216,0
2.4579438263692596e-05,0.9999749267331904,1.49930158173079e-08,4.788355300666361e-07,1
1.0158701121313703e-05,0.9999898412163527,7.54730461542363e-13,8.177129954984576e-11,1
0.0035566508533253585,0.00012245939186635772,6.806547174912353e-19,0.9963208897548084,3
0.005101494478529788,0.994893612262639,1.3430225355127724e-09,4.891915808789118e-06,1
0.046396877870173124,0.0037956192840669883,3.397895529827916e-05,0.9497735238904617,3
7.334607784887399e-05,0.9999266149427467,1.0878650348784491e-09,3.789153937673363e-08,1
0.8324674109244748,0.020719401171424342,0.001342135748126737,0.14547105215597414,0
0.004190649605623316,0.00012393077680792754,3.6252229274374696e-14,0.9956854196175327,3
3.06762124339589e-05,0.9999692477093111,5.28650057338393e-09,7.07917543623032e-08,1
0.917104977342976,0.02164311709537875,0.025789880810277877,0.035462024751367255,0
0.008987785275864971,0.9910119784024625,7.258348987505926e-08,1.6373818275149425e-07,1
0.2580310354903543,0.7419200641464126,1.6725989398673621e-06,4.722776429312019e-05,1
0.29759003581404714,0.24432778132845,0.4367039554017776,0.021378227455725162,2
0.9387619523708578,0.020771675343290556,0.0013421357396372383,0.0391242365462145,0
9.005242649715702e-11,0.9999999998915253,3.571016105799388e-15,1.8418765191113645e-11,1
0.9289942991444856,0.025674971486783424,0.006702468895618166,0.03862826047311285,0
0.938527060984205,0.020703900393246943,0.0013424770181352872,0.03942656160441272,0
0.05323634446530798,0.0020165465370588684,0.023166278805137108,0.9215808301924961,3
0.04219029543605236,0.9566937596146573,0.0002693604982075876,0.000846584451082754,1
0.08160267753802265,0.9183725779426162,2.0988903919803157e-09,2.4742420470727424e-05,1
0.20078433740464482,0.7851183855462572,0.0003711947614836102,0.013726082287614341,1
0.013899229193852405,0.9622356605309493,0.023865110254958678,2.023965856992232e-11,1
4.5313241073994905e-09,0.9999999954686757,1.4950791026520162e-16,2.3359462206610187e-17,1
4.598716045721486e-06,0.9999953889092831,1.2767838284774347e-10,1.2246992857473458e-08,1
0.2574976195415015,0.024272245243965335,0.6968525806411981,0.021377554573334994,2
0.2574963027787779,0.024272245493693657,0.6968538971961237,0.021377554531404674,2
0.3222991353634892,0.35201561041404045,0.29742981701730803,0.028255437205162364,0
0.00019986464306580667,0.9998001353569202,4.838970855334044e-16,1.3487511355827023e-14,1
0.8885253261519012,0.02758559850493696,0.04852450484927267,0.03536457049388931,0
0.0002901138798975016,0.9997093520943819,2.4657303779331633e-08,5.093684167209108e-07,1
1.1983554674463958e-05,0.9999880163096607,1.0222299201821834e-10,3.344185029188031e-11,1
0.7512254609360668,0.06058277416846545,0.14535546871468957,0.04283629618077819,0
0.0009255637526682831,0.9990744360568429,5.315519109039281e-19,1.9048876920879911e-10,1
5.39684977265402e-05,0.9999460265347354,5.624021800632941e-11,4.911297915391777e-09,1
0.3599845537478858,0.3143301209997987,0.29742983296382236,0.028255492288493278,0
0.9385547875398169,0.02070382351691921,0.0013423281858704998,0.03939906075739343,0
0.9369553982647149,0.02101486487945582,0.0020354940322413508,0.03999424282358798,0
1.0507949525475516e-06,0.9999987900002282,9.903478337764735e-10,1.582144713089615e-07,1
0.872629095000221,0.07620522532941028,0.009877056589118574,0.04128862308125016,0
2.2431030874955253e-06,0.9999837338855203,3.2631156555821393e-14,1.4023011359550483e-05,1
0.8839471638762273,0.06810169998340378,0.003942418635333744,0.04400871750503532,0
0.7086740145114762,0.020705133433716924,0.0013421357401973595,0.2692787163146096,0
0.04254673852714678,0.9563370822432699,0.00026936062790020347,0.0008468186016832302,1
6.111872666161049e-05,0.9999380365822831,2.2741257481672307e-08,8.219497978852252e-07,1
0.2449131007681901,0.7322748616642173,0.008295599103799128,0.01451643846379354,1
0.2640876112415704,0.7357466940122349,3.3309414877406235e-08,0.00016566143677994132,1
0.25749621505667747,0.02427224503771729,0.6968539853743866,0.021377554531218552,2
0.9388297910141977,0.0207029365891359,0.0013421357396370215,0.03912513665702932,0
1.2329200686462069e-05,0.999987238313321,2.954356139259034e-13,4.3248569702093695e-07,1
0.6488507385603824,0.27832088290454554,0.0017297176336892976,0.07109866090138268,1
3.462993669968063e-06,0.9999965368629851,3.790004518433178e-12,1.3955493999365977e-10,1
0.938830601027656,0.020703029704290513,0.0013421690129950166,0.039124200255058424,0
3.9094305307450305e-13,0.9999999999996091,1.706271293491907e-21,1.6531662018738983e-18,1
0.0347426910006073,0.9652551984024688,2.799655286722708e-10,2.1103169582799044e-06,1
0.0011604568291300468,0.9985007508053374,4.243136874159741e-07,0.00033836805184515466,1
0.0037327423790471416,0.0001225524471177943,1.289117305043035e-15,0.9961447051738338,3
0.025644091640867648,0.9724089798327312,8.514296952690241e-05,0.001861785556874233,1
0.9375608650422184,0.02070551979594398,0.001342135740490689,0.04039147942134699,0
0.8858363165893622,0.018471095019623292,0.0010727754702767516,0.09461981292073772,3
0.01936414260809113,0.0001774631340245023,1.759565266599638e-14,0.9804583942578668,3
0.0010699406910710254,0.9989295592641835,1.1152315084259548e-08,4.888924302433902e-07,1
0.826740643828359,0.12798278372131752,0.006702405741987873,0.03857416670833558,0
2.2007611344854334e-07,0.9999997799217182,6.91309877141661e-15,2.1614189355932393e-12,1
0.001842228896521141,0.9981577710781072,2.447938635769897e-12,2.2923654431601488e-11,1
0.004113608213794115,0.9958859468160396,8.703030976708991e-09,4.3626713532384384e-07,1
0.002006755750282934,0.997991999794416,3.7939582220649425e-10,1.244075905294516e-06,1
0.9386981920721694,0.020818183895351266,0.0013421357920058719,0.03914148824047344,0
2.7545373064557483e-06,0.9999972453366555,1.0367205237723543e-12,1.2500144035974732e-10,1
0.9360537270915934,0.023304460848794062,0.001342361068626392,0.03929945099098628,0
0.11960796340315523,0.7030814684836638,0.16835946850214167,0.008951099611039333,1
8.767986016590997e-05,0.999835718673599,2.4398568954599225e-06,7.416160933961368e-05,1
0.6122162573518688,0.023350011738947737,0.33938826467988165,0.025045466229301816,0
9.657571231571316e-05,0.9999034240441586,7.146570310231475e-12,2.3637914113319547e-10,1
0.6970188047146273,0.02074853249068408,0.0013421365371346153,0.28089052625755395,0
0.03329403199322956,0.00025783000704138924,1.698045810615765e-07,0.9664479681951481,3
2.441345875109675e-09,0.9999999975551853,1.3654874430851281e-17,3.4687769366065976e-12,1
0.00024295267834261442,0.9997506688479203,9.299932664755256e-16,6.378473736208396e-06,1
0.015682351720832,0.0003346150827810686,7.696271875885696e-17,0.9839830331963869,3
0.9325726034975684,0.020722600645147197,0.001342135862898767,0.04536265999438558,0
4.015176522691633e-05,0.9999598438432064,2.4987833841864177e-13,4.391316977168563e-09,1
0.26389514101499784,0.024412377578743316,0.690314860145867,0.02137762126039175,2
0.7889692054131382,0.031852331489207415,0.145564493176175,0.03361396992147968,0
0.9171287997835832,0.021625376649232735,0.025789368786038578,0.03545645478114553,0
0.8389092708070907,0.12055342573923622,0.0013667407515793744,0.03917056270209369,0
0.003561253449170606,0.0001224412434184546,9.095589357278242e-19,0.996316305307411,3
0.3078111373778827,0.017394768832436975,0.6496561063641135,0.02513798742556693,2
0.9386043410318052,0.020707868360078544,0.0013421358178591243,0.03934565479025716,0
0.9295448925173058,0.02070755598081604,0.0013421357484441575,0.04840541575343413,0
3.5479243337969116e-05,0.9999644833485121,1.6586858323247072e-10,3.724228136608865e-08,1
0.6179361580647336,0.336787070391981,0.006702405278844703,0.03857436626444088,0
1.1805468130233818e-08,0.9999999881932734,1.2434561532438962e-12,1.494492905736936e-14,1
0.9321579613858096,0.021600538993868434,0.0014159171112333986,0.04482558250908858,0
0.0035648497900561114,0.00012245256171790252,9.144862544689026e-23,0.996312697648226,3
0.57276947841348,0.019291544985220465,0.001308157573376372,0.40663081902792325,3
2.8233851115096348e-08,0.9999999717660946,7.983886732581589e-17,5.434049165222993e-14,1
0.9366414457781115,0.02091277912511728,0.0013439833013046062,0.041101791795466656,0
0.5281425315151315,0.018716000243947303,0.4236854381295682,0.02945603011135305,2
0.9316618797498347,0.022920468370303326,0.006704692791820819,0.03871295908804123,0
0.17045006333647716,0.8186917330586585,0.00037033319957802477,0.010487870405286379,1
9.41814655028313e-13,0.9999999999990575,2.137685378427282e-20,6.328464075000179e-16,1
0.013899885988763431,0.9622349847227657,0.02386512921533024,7.314063317703901e-11,1
0.9382296958780049,0.021300298656213038,0.001342135767090625,0.03912786969869152,0
0.04355970987666893,0.956439869794459,9.978271862746731e-08,3.2054615345329594e-07,1
0.06892464338032382,0.8303850757081079,0.09488425315432092,0.0058060277572472745,1
0.0035557573922263114,0.0001224377959279355,3.445793329247517e-20,0.996321804811846,3
0.9381144352015648,0.021097616302426864,0.0013422570843727461,0.03944569141163567,0
0.9327584202157819,0.02072968978815041,0.001342139266043785,0.04516975073002393,0
0.5618892979815043,0.05920358867958697,0.3563295733355929,0.02257754000331581,2
0.5021386229759287,0.018769712952414183,0.0009663524549912164,0.4781253116166661,3
0.9387019858625941,0.02070573935144967,0.0013421357503464067,0.03925013903560992,0
5.938153610981598e-05,0.9999406136801062,1.197099691441771e-11,4.7718129694182464e-09,1
0.00872366694441283,0.9839061253811848,5.671112973233062e-09,0.007370202003289315,1
0.014000599653743027,0.9621340812363726,0.02386531850118742,6.086969779406972e-10,1
0.9267539403146037,0.020713570549432406,0.0013421357950714064,0.05119035334089269,0
0.9376681151165339,0.02070553374252147,0.001342346106898279,0.04028400503404647,0
0.9384883793869573,0.020711742712832923,0.0013421361671575275,0.03945774173305237,0
0.5639052435235093,0.027584031921914044,0.048346008027896514,0.36016471652668014,0
0.003811324332019786,0.0002005259050774635,1.805046345206828e-13,0.9959881497627223,3
0.008017867143698173,0.9919818086693138,2.8724684120726662e-08,2.954623037928878e-07,1
0.9295951211583743,0.023819743401335945,0.0067149830459328685,0.03987015239435701,0
1.244594990333921e-06,0.9999987554050097,1.4963120405313375e-19,2.779104075443191e-17,1
0.9379300028031837,0.020705120241515995,0.0013425849052954018,0.040022292050004786,0
0.005211063533251109,0.00012298118226775428,8.851277731852247e-15,0.9946659552844723,3
0.16095925287330282,0.8102757188691103,0.00010175201720998466,0.02866327624037682,1
0.9366658573482126,0.020818137960340998,0.0013429407040750514,0.04117306398737137,0
0.2596946892174697,0.024272264351601125,0.6946500158466099,0.021383030584319288,2
0.7891585482476907,0.14953564765275593,0.025815508585824192,0.03549029551372917,0
0.0003123901081263364,0.9984162135635913,4.252454364621921e-10,0.0012713959030369645,1
2.585155941069322e-07,0.9999997414843934,1.1714450375807561e-14,8.032251439186228e-16,1
0.0019105198742822955,0.9980894772914507,1.3618429532180372e-12,2.8329049989353767e-09,1
0.9236793266579774,0.030393898674706443,0.006702928727998836,0.03922384593931743,0
0.0035545495438281706,0.00012243719259243972,7.192888374148137e-21,0.9963230132635795,3
0.9388307277149849,0.020702936376491586,0.0013421357444739028,0.03912420016404974,0
0.9165853291726446,0.021785243192235265,0.02588012350996975,0.03574930412515041,0
0.06892465769117541,0.8302982381915749,0.09497107636000235,0.005806027757247273,1
0.25749711699561784,0.024272248493348244,0.6968530799728944,0.021377554538139543,2
0.9375052772498896,0.021573321653721566,0.0013429398195232353,0.039578461276865595,0
0.6122177858269372,0.023349922259111016,0.339386778149347,0.025045513764604798,0
0.2610806967598933,0.031437434289704726,0.6861042826331105,0.021377586317291353,2
4.784450937854188e-05,0.999952076372348,1.9117877785582834e-09,7.72064857775902e-08,1
0.2574962435619186,0.02427224497916719,0.6968539569276957,0.021377554531218635,2
0.003873973120516027,0.00012265723238131607,3.8493559501824286e-16,0.9960033696471023,3
4.308110585425158e-08,0.9999997616885281,1.0121185843378376e-13,1.9523026487160422e-07,1
3.0188709970727112e-05,0.9999698106462125,1.2643163561248036e-11,6.31173520578769e-10,1
0.9170506545509266,0.021703496148561346,0.025789368786044615,0.03545648051446739,0
0.029748968017179273,0.002008179020662981,0.023164995855428232,0.9450778571067296,3
0.9379979799526651,0.02153104979715663,0.001342135811593841,0.039128834438584496,0
0.9382136164851862,0.02131812370294618,0.001342135747445676,0.039126124064421945,0
1.3666756711662775e-05,0.9999863301022106,4.72225565940498e-11,3.093855251729604e-09,1
0.0010899197599494978,0.9989098694998838,1.729408643100184e-14,2.1074014941541262e-07,1
0.9096142160053526,0.024612587311180736,0.030112426307976784,0.03566077037548979,0
0.9388207309909519,0.02070293670620464,0.001342147434171369,0.039134184868672255,0
0.9374463775437251,0.022079905226856072,0.001342136136379667,0.03913158109303923,0
1.0933701192882165e-05,0.9999890662983818,4.158754799083292e-13,9.343207362778573e-15,1
0.20088144515200446,0.45217198248333373,0.0003703240508794047,0.34657624831378236,1
0.004343906686181442,0.00012920168838198958,1.5797836125821817e-13,0.9955268916252787,3
0.003558216786033741,0.00012243922321733102,2.2365634394682045e-19,0.9963193439907491,3
0.6848435041562158,0.2746901541706878,0.0013421357599114135,0.03912420591318507,0
0.9340050533095484,0.020704167618835635,0.0013421357429289175,0.04394864332868716,0
0.5652652063455409,0.018471094189828025,0.0010727754702767516,0.4151909239943543,3
0.003552619261831145,0.00012243648750322403,1.0492401062546077e-27,0.9963249442506658,3
0.9380040559619166,0.020733136672616247,0.0013421515736762094,0.03992065579179096,0
0.9386739107201215,0.020705882191085493,0.001342135756923004,0.03927807133187006,0
4.442548816755893e-06,0.9999955574511826,5.916804841216936e-18,6.728509200981108e-16,1
0.0036808566766184415,0.0001225669168169986,3.433291444051359e-15,0.9961965764065613,3
0.006649778958623291,0.004135579445242324,4.147041009381966e-14,0.9892146415960931,3
0.002980291713596569,0.9968951210236382,3.9660312599625155e-06,0.00012062123150531016,1
0.8643166683072706,0.07443750733656646,0.025789368808730857,0.03545645554743205,0
0.7354203040953536,0.02071284834333838,0.0013421357936192983,0.24252471176768878,0
0.9351914355770852,0.023055301303599385,0.0014649189722518257,0.04028834414706365,0
2.7636292175753387e-12,0.9999999999972093,1.1043694656617836e-24,2.697882260084512e-14,1
0.9172672384110424,0.02070672037189943,0.0013421357418393603,0.06068390547521879,0
0.5586894300217201,0.021064287119228125,0.0012357371578889849,0.41901054570116286,3
0.9379073093041971,0.020727668107280307,0.0013422285548677759,0.040022794033654864,0
0.0021737440167868757,0.9977246768787138,6.7285729291848285e-09,0.00010157237592646363,1
0.25749672665903134,0.024272491143442782,0.696853227666303,0.02137755453122295,2
0.9326667740896301,0.020743851325570172,0.0013421402091111968,0.045247234375688616,0
0.41601340152824157,0.21702007082201943,0.3452878640316477,0.021678663618091325,0
0.23326801603269828,0.765396391718235,9.460393056814167e-06,0.0013261318560099248,1
7.100669921801854e-07,0.9999992414519546,2.590092544125589e-10,4.822204384944187e-08,1
3.8357895917528525e-05,0.9999557378451677,3.445523690881632e-11,5.90422445951937e-06,1
0.9317763356090946,0.022947310322986,0.006702418437686568,0.038573935630232835,0
0.00651177853475254,0.993415426138105,9.893970621922093e-06,6.290135652061568e-05,1
0.9005624530620256,0.020705821676547977,0.0013421583214800828,0.07738956693994628,0
0.030994607586190524,0.968447052688333,2.4286944067188415e-05,0.0005340527814092888,1
0.9384876538467846,0.02070394809381162,0.0013429931119814905,0.039465404947422365,0
0.583620739860951,0.019347271314775958,0.0013081957998404663,0.3957237930244326,3
1.4516083684623765e-05,0.9999854806258458,6.651377910518977e-15,3.2904629107580157e-09,1
9.850372067350543e-07,0.9999977766200101,7.489428703220705e-12,1.238335293733569e-06,1
0.09459630440922095,0.9053978556300902,5.717722006744605e-06,1.2223868196707355e-07,1
0.9304144430750855,0.024083969305999847,0.006702420072745841,0.038799167546168904,0
0.03151824917148217,0.0020081254461385566,0.023164983164983177,0.9433086422173962,3
0.8620551769139126,0.02145840808278664,0.00136153345493288,0.11512488154836797,0
3.396952468332554e-09,0.999999996603047,6.118795217302772e-16,7.133592296295188e-17,1
0.6076232383661916,0.018471156585771847,0.001072775470277268,0.37283282957775943,3
0.3198839720895051,0.00012270922609714234,1.2266281464878331e-17,0.6799933186843979,3
1.5323941305399583e-06,0.9999984673364634,1.2031808162384208e-13,2.6928583352241835e-10,1
0.32243020525534044,0.3518845319058022,0.29742981731583557,0.02825544552302181,0
0.6626524788161978,0.016472271991874222,0.29206954765525417,0.02880570153667388,0
