,Cyclic,Decreasing_trend,Downward_shift,Increasing_trend,Normal,Upward_shift
intercept,0.5197098442663077,-1.877616317648229,0.3031627459438833,-1.6220817725483454,2.1278868520804957,0.5489386479058788
"""index""",-0.0019241553236961507,-0.550302469922993,1.371270429954103,-0.6004517919499044,-1.4917521185663352,1.2731601058088295
"""col_1""",-0.011329598798106853,0.04216549636727392,-0.13454665514436734,6.334690106002171e-05,0.04448610147993945,0.05916130919420547
"""col_2""",0.30111202213815796,-0.03110782839349014,-0.06825216331844973,0.0963419802011111,-0.058864822300357375,-0.23922918832697315
"""col_3""",0.5058859764928613,-0.05692472205634233,-0.084291932706771,-0.17629819402436706,-0.23836560912453375,0.04999448141915082
"""col_4""",0.544673969922491,-0.142153319422393,0.016674323595466937,-0.1281695273853665,-0.27193609159265036,-0.01908935511754437
"""col_5""",0.43059273494972344,-0.21671340535533337,0.03460117755714227,0.1464828122542727,-0.1277995747252682,-0.2671637446805377
"""col_6""",0.3514010355605874,-0.26673888401619666,0.13425256010340872,0.06733319345233194,-0.1750674768590002,-0.11118042824113392
"""col_7""",0.07172861365090147,-0.07296475192826722,0.021799439619630077,0.13854118151543998,-0.15549808782158533,-0.003606395036112275
"""col_8""",-0.33960523177043506,-0.09584537606549952,0.21292943537614792,0.2712762818958667,-0.010286365071724611,-0.03846874436435647
"""col_9""",-0.3748989500304655,-0.16326688177684084,0.13235104891636137,0.1782446718983527,0.28286773818608163,-0.05529762719347999
"""col_10""",-0.42509835892709524,-0.4868456805710087,0.4672508829471973,0.5332493636751837,0.1718093752508821,-0.26036558237515506
"""col_11""",-0.4429279609506174,-0.202450763157951,0.2277609799800957,0.2571481167307989,0.2216930766067786,-0.061223449209110124
"""col_12""",-0.19828077485054335,-0.3466778258714047,0.26854132107092,0.20427384047937308,0.08013212400382852,-0.0079886848321729
"""col_13""",-0.003076600515364705,-0.2330630337858743,0.08182222875961674,0.34485033193403597,0.020557403205006798,-0.21109032959742255
"""col_14""",0.1576859705171817,-0.562279872240974,0.38097770458848956,0.19487636085937476,-0.11646911807885184,-0.05479104564521903
"""col_15""",0.21399983155317506,-0.2379827496130981,-0.010003199584241486,0.5258507803696917,-0.08524900060788185,-0.40661566211765027
"""col_16""",0.31436788848367636,-0.5582592905388019,0.3856141295732388,0.2701816625225593,-0.17347052410897387,-0.23843386593169855
"""col_17""",0.33860011836685394,-0.3991252739031862,0.2651882321496623,0.48619462455124784,-0.3456032336635757,-0.3452544675010056
"""col_18""",0.1331081151161233,-0.3714871213646232,0.22939453252923242,0.48060151839091025,-0.09395127916007807,-0.37766576551156256
"""col_19""",0.09867685075944276,-0.5127040132023846,0.28064898791666765,0.4736405996954031,-0.022033546617663657,-0.3182288785514673
"""col_20""",-0.05588120110312688,-0.30191048725380043,0.21026607896046137,0.5700329853316631,-0.036703095432749744,-0.3858042805024486
"""col_21""",-0.06489107474745189,-0.3476909442137301,0.23706601577642017,0.4515531497998344,-0.0584041853079355,-0.2176329613071377
"""col_22""",0.023642014164429365,-0.3712531934416013,0.14295696330436286,0.3184057704043464,0.010654211632640907,-0.12440576606418403
"""col_23""",-0.06630390161082973,-0.1513136142615388,-0.011922513852235837,0.26262601243716505,0.02498913251947662,-0.05807511523204928
"""col_24""",-0.0352804219411846,-0.2698129772243413,0.06974020178457094,0.09045482283818168,-0.04635631289325034,0.19125468743601953
"""col_25""",0.032936634455119435,-0.20729514675770927,-0.020597609304508845,0.06738858955474644,-0.1125106019490437,0.2400781340013964
"""col_26""",0.03475261149548481,-0.11728988535803732,-0.13495002989260307,0.2149872875896335,-0.08446912450628169,0.08696914067180408
"""col_27""",0.03516457008752473,-0.191532249089323,-0.052581617454414024,0.022849588734267266,0.015036283130062729,0.1710634245918774
"""col_28""",-0.08114736024058489,-0.3210679687626775,0.047568506002969885,0.14747179537812366,0.14797508082025754,0.05919994680191587
"""col_29""",-0.09267378169847594,-0.058370228970118086,-0.12377350021982902,0.20941078586126105,-0.04427716222817448,0.10968388725533611
"""col_30""",-0.02304248919000856,-0.052912792098906654,-0.2056175910378218,0.04355759509968297,0.029523198257574004,0.20849207896948085
"""col_31""",-0.010474256827078313,-0.18999016381105377,-0.10494415191596831,0.04367500488856636,0.07349424456100655,0.18823932310452207
"""col_32""",0.06426503068525183,-0.15514200549605137,-0.14200236959062904,0.09320023328732116,-0.006716007302677365,0.1463951184167898
"""col_33""",0.06780541856200548,-0.030465905464748207,-0.26284020204261416,0.09717121917421045,0.026067116671945105,0.10226235309920025
"""col_34""",0.09080292945604061,-0.12404904813569813,-0.2131760740430573,0.2703905094651063,-0.036630921131044,0.012662604388652588
"""col_35""",0.08722865393943226,0.054675612459949285,-0.43680996196690225,0.04927860005696095,0.05150006825501753,0.1941270272555419
"""col_36""",0.09289565838282274,-0.028231486311995492,-0.31842483543704747,0.05476091272505537,0.04072030709057522,0.158279443550592
"""col_37""",-0.011575672499323047,-0.09610971569558792,-0.26969912696598275,0.14064726958669158,-0.008483298809295797,0.24522054438350147
"""col_38""",-0.051196329665771166,-0.08692385717600418,-0.2614180575519323,-0.0405849651696352,0.07511642814088833,0.3650067814224598
"""col_39""",-0.09694941090078085,-0.0013776575791687867,-0.31305471390142997,0.14046298820807063,-0.011642841752518734,0.2825616359258287
"""col_40""",-0.08180586280275366,-0.026074993229986715,-0.31465523946138596,-0.07374027920810072,0.014892218498073035,0.4813841562041551
"""col_41""",-0.06653222932250431,-0.1406984638682426,-0.21090479649326574,0.023745039205223046,0.010965054625476879,0.38342539585331614
"""col_42""",-0.0828211378240119,0.03823195281060659,-0.379748523970916,0.0005793894458585865,0.04890059443819442,0.3748577251002729
"""col_43""",-0.01315249261120288,-0.27055558122459916,-0.16316579475223114,0.11583544179727026,0.05710276662945754,0.27393566016130516
"""col_44""",0.07052840432547165,-0.09037112243959902,-0.26992502941150504,0.060526195373540544,-0.09842041601544313,0.3276619681675362
"""col_45""",0.08746411780624601,-0.09524676174759092,-0.27083917908215366,0.12053358739927028,-0.026123690276820075,0.1842119259010499
"""col_46""",0.06753333971515993,-0.1993337911955879,-0.1738647220742812,0.24454674620439085,-0.06635023825999968,0.12746866561031933
"""col_47""",0.07470283538229101,0.02217571659350076,-0.3371826022996449,0.0889870452158521,-0.13460861125122653,0.28592561635922825
"""col_48""",0.018005457021898583,-0.281693774210046,-0.14598242091215408,0.1592705557703616,0.016766782624142714,0.2336333997057996
"""col_49""",0.0037609836529962307,-0.01074839455250203,-0.32412982857261063,0.03563335304979445,-0.02457863783552874,0.3200625242578517
"""col_50""",-0.024930170096303075,-0.4099773333383776,-0.028094156643594676,0.2616819721482357,0.036170920217513475,0.16514876771252854
"""col_51""",-0.06744451683719986,-0.268930765827903,-0.13774162803033504,0.36862809652717554,0.06454616559845333,0.04094264856980727
"""col_52""",-0.00826266813677783,-0.22600751703251937,-0.14497714101335454,0.21106645317116335,0.00395410806093713,0.16422676495055083
"""col_53""",-0.029014068094803835,-0.2771653335443926,-0.08771855667008108,0.25326069647516236,-0.010774510450750117,0.1514117722848664
"""col_54""",-0.03117267514903031,-0.34110231357832577,-0.043922780455569715,0.39978345557253936,-0.04047615085548009,0.056890464465868026
"""col_55""",0.014780243393612077,-0.17823169894430552,-0.19746724908042307,0.32166145269756813,-0.07162195269250249,0.11087920462604849
"""col_56""",0.002493157794381849,-0.20360965513549684,-0.1878054484768335,0.31553584869524787,-0.02965275086470573,0.10303884798740624
"""col_57""",-0.017666193542543392,-0.3407085014420188,-0.06348964162523273,0.2763440706335879,0.08416213027003593,0.061358135706168646
"""col_58""",-0.029890224219998963,-0.3713030375616493,-0.0058208390961908465,0.27824837059221963,0.04281309720264301,0.08595263308297708
"""col_59""",-0.05265053002873602,-0.40533719412900754,0.0677903180344031,0.37723273104674543,-0.05821257633264224,0.07117725140923879
"""col_60""",-0.08749823228765923,-0.4583503786621162,0.06869902220224666,0.36999962655581004,0.05343307674436947,0.053716885447344966
