prediction_1,prediction_2,prediction_3,prediction_4,prediction_5,prediction_6,prediction_7,prediction_8,prediction_9,prediction_10,target
0.0225213476569888,0.03589271306679793,0.006926619192878675,0.03591849104754903,0.712118050535904,0.07519604212542692,0.10776023450555326,0.0005355246515122315,0.0003030466960447188,0.0028279305213444804,4
0.9779776072579462,0.0075639356509573435,0.006110662049429961,0.0010195665816095697,0.0019375512754056185,0.00273201522147373,0.0013673150985759476,0.0001623479532049153,0.0001854288456192222,0.0009435700657775463,0
1.9782726348401908e-05,0.00023511774188707043,1.1744437403353568e-06,0.0002606567572371945,9.687032980047391e-06,0.9949142842291954,0.004128378748127368,0.0004245285256134782,2.7901724435942072e-06,3.599622426928394e-06,5
0.9879578101962875,0.0029497681623677275,0.0005852431538214085,0.0001923346876717001,0.003074335999155211,0.0010897314194065705,0.0010669962130929512,0.00010424837724374566,0.0003733817766629378,0.00260615001429048,0
0.001488870348384849,0.9926139053272282,0.0013141873822922854,0.0019659164273714558,0.0015802719444517304,0.0005559842629252788,0.00011460925548011959,2.5624964196214133e-06,1.777522168772261e-05,0.0003459173337588282,1
0.017520778352990492,0.011709818803009099,0.0031249296255224956,0.0012699682322483865,0.013019698970323233,0.0013714241288487075,0.0011694010263878102,4.893929972415225e-05,0.0026249947281101397,0.9481400468328356,9
0.040863161874091745,0.0018027619146530481,0.00034048503945123516,7.077535925753812e-05,0.004239868402683682,0.0002125716500673729,0.0026107984565135207,0.00011586867569845645,0.9137753781456759,0.0359683304819075,8
3.871010381093158e-06,0.007574454042177141,2.840511580850754e-06,0.9868173311753707,5.127397043551192e-06,0.0055880043211376474,7.062855467537896e-06,8.923782539160663e-07,6.770607766483132e-08,3.486025099020056e-07,3
0.03416567127511403,0.013504405427355128,0.0013914508567376,0.00319595962376639,0.027586608998243996,0.0026957615286722788,0.002305696717594257,3.784018663926824e-05,0.0017653881594591736,0.9133512172264179,9
0.0019601633458759403,0.0023583849005119994,0.00013863440222745423,0.00026808694284403885,0.0007169470999153425,0.9840935791872953,0.010096284583727175,0.00011548788890794988,1.8006843681440147e-05,0.0002344248050134005,5
1.3553818202869158e-06,0.00016768459641203744,3.2510743248340726e-06,0.00012414558334389309,6.823448054145017e-07,0.9939267138070179,0.005238945684889987,0.0005372023142089094,4.324738196193974e-09,1.4888438660286746e-08,5
0.00073562252985088,0.013221797328848789,6.932034209872444e-05,0.00016893249216436525,0.0007149566274020911,0.020805152711384736,0.9603280947066244,0.0035989559993936287,7.662652057317981e-05,0.00028054074165929384,6
0.00018395705237916974,0.9954096787573642,0.0011137130765184987,0.0016206325248713281,0.0005287277787785897,0.0009144299671615268,0.00014270824787168522,3.07197131189519e-05,4.409179654184915e-06,5.1023702281601155e-05,1
0.987944871760642,0.0015702040188076882,0.0009505283744073708,0.00046847135985310357,0.0007789406586239843,0.0008915319829350079,0.002847447258159481,0.000467381848931439,0.0017933369894399065,0.002287285748200097,0
0.00013611508618356012,0.9913895892812368,1.0376404016323952e-05,0.005263247109753493,6.635690742808418e-05,0.0030102382497304543,5.998554431607175e-05,1.5234697632797813e-05,9.318037541886573e-06,3.95386821605963e-05,1
0.9738858243548453,0.0012751526996973709,0.0008486677466027521,0.000367835950337284,0.0077300864554828005,0.000209434738120738,0.0007467707702268323,1.400474777621925e-05,0.0020252981141907567,0.012896924422719905,0
1.331425560826619e-07,4.2155462761068255e-06,1.8294182708742693e-07,1.9407955824216e-08,3.8044730394121965e-09,0.00013916507882818295,0.0002083224953468102,0.9996479334211089,1.4283326650327288e-08,9.87830109046049e-09,7
4.658745567315127e-06,6.917518226655565e-05,1.8028422203554504e-06,7.445255402126848e-06,1.4150568294516172e-06,0.004102500956959513,0.9955758765241537,0.00023686522512283693,2.8207042759965404e-08,2.3200443552613193e-07,6
0.9912500923025377,0.00077917235146226,0.0004127532508088831,1.556443510395451e-05,0.000579090322162839,0.0001296227069923788,0.0005779961754361928,0.0003518275555580683,0.003830407556452745,0.0020734733434851,0
0.00021860069535584674,0.0005212643536511198,3.720914475806881e-05,6.166204010198268e-05,1.0591859590732037e-05,0.9890717371349703,0.006923164716874775,0.003147262614774386,1.7036216340975443e-06,6.803818288503938e-06,5
0.00047319117456211956,0.9976843755448328,0.00010623625775323055,0.0007691315899735111,0.00028550412460373207,0.0005539729675970445,1.617777948708591e-05,2.838631808050143e-06,1.4920986601442371e-05,9.365094278079293e-05,1
0.0031565234656374067,0.9911286058851082,0.0009269189047478607,0.0008075293283855425,0.001232297354464513,0.0006942863824681104,0.00019655889559649434,2.9411533984816925e-05,0.0003248499733684361,0.0015030182762388788,1
0.00199331082877692,0.0026248841264880332,0.0012268044533595682,0.0001544468178026815,0.0003208053431173831,0.003986824137050667,0.9891576013176383,0.0004064840364960246,6.427764020488658e-06,0.00012241117525010287,6
0.9962946239671747,0.0007862313120061486,8.283607861908605e-05,1.1188606589790137e-05,0.000402040583897789,0.00020210995064534853,0.000476909981337894,0.0002329004740591589,0.0007761748582555197,0.00073498418741438,0
0.9726119161507825,0.00312177174631047,0.003257972668717099,0.001255404592292377,0.008006727613134526,0.0013270100161378218,0.004234453993237116,0.00011332594186498199,0.0006939173729675861,0.005377499904555614,0
0.004482031359825811,0.977077672264243,0.006545111144783803,0.000966445353994338,0.002725957129791337,0.0012967498515134394,0.0014289187256380119,0.0007685090673948586,0.001737059348446828,0.0029715457543685064,1
9.042084171473561e-05,0.0017347092017931597,6.985629346440684e-05,0.001917319666552793,0.00012029727049644704,0.9908523271518052,0.004506780908237798,0.0006991661510974092,1.3349851011899545e-06,7.787529736908954e-06,5
0.0008162991185601799,0.9948206787608207,0.00048076479957888266,0.000649976500036583,3.6284710289397516e-05,0.002742461815298319,0.00022848623865428643,0.00019018098503403294,1.024008363138748e-05,2.4626988096553737e-05,1
2.954185715352667e-05,7.055500513900685e-05,6.6940325036218844e-06,1.1864951062122282e-06,1.8496286822131866e-07,0.002673943909987374,0.9962827541006669,0.0009346898360642075,1.3266237907853374e-07,3.1713813175846336e-07,6
0.00014487108094316897,0.9954790827499479,5.692974628466363e-05,0.002819137152487357,0.0001680124176919955,0.0012884731310351175,2.877397961829521e-05,1.2735182096946043e-06,5.51813505054119e-07,1.2894410276713086e-05,1
0.003846950515567834,0.9860354004437621,0.0010146903616957165,0.0009844214018470054,0.003024519823478614,0.0019677909932576247,0.000997419606867176,8.959844879584477e-05,0.0003772329164871648,0.0016619754882408438,1
0.0004989207659450662,0.0011629416310801478,0.0025022644333243986,0.0001104529768795724,0.0001359430687621332,0.003155407503495168,0.9921569455464566,0.00024248581486473287,1.439665351436613e-06,3.319859384071405e-05,6
1.240099920819419e-05,0.9904714231648992,2.6181375194537664e-06,0.007925705608984885,7.1680152950854545e-06,0.0015718114991073989,2.742424743814728e-06,1.5420341546708448e-06,1.1649796103380483e-06,3.4231364768987867e-06,1
0.001953955292927894,0.9917151152014689,0.00038520329618509043,0.00014402177990516222,0.00035615721307760765,0.002711667563258133,0.0007814619108709084,0.0015908804340301398,0.000102980169486557,0.00025855713878948807,1
0.00021038828673328812,0.9959412550214869,0.00010544923693562887,0.0001613346429529913,0.0001227267830368367,0.0020936722536306117,0.00014831171719468166,0.001113290726255624,4.7437185019795695e-05,5.613414675393057e-05,1
0.9889715367891493,0.0015023732307570192,0.0008190618655930474,0.000292804365349178,0.001881554577578605,0.00020358207278939683,0.00045540779056209274,5.760910642570625e-05,0.0025390948995880785,0.003276975302207319,0
0.0027139774286411007,0.9871058661853862,0.0023603043315237418,0.0006917586374760298,0.0010754736569604027,0.0012005551077578077,0.0005785213294283617,0.000518518737459989,0.0015907714100147873,0.0021642531753515927,1
0.0017032872980322863,0.002793684660510219,0.0005331902904103627,0.0006263438930690696,0.0007061514892716936,0.9784070664837772,0.01461441694842818,0.00042692978972433876,1.863687021740625e-05,0.00017029227655917758,5
0.0042843313979856155,0.986886696253377,0.003158269347811419,0.00025950771752564927,0.00015999098642903773,0.0023527811239144026,0.0017702829502347394,0.0009409471343210936,4.4239128221370426e-05,0.0001429539601797766,1
0.0017250325025190208,0.00017189284794487747,6.541175663940365e-05,8.004547209314656e-06,0.0013572710771250585,6.705457823522637e-06,5.070941527159211e-05,4.302632944849824e-06,0.018284925946751098,0.9783257438157712,9
0.0005130886509694334,0.006389046251697952,0.00014972750861713812,0.00011414026279347879,0.0009035913374913487,0.9836418803550917,0.0063236848291674305,0.0017193756921573117,2.7898264073284943e-05,0.00021756684794098976,5
0.0083970474031774,0.0019327317858474945,0.0002150253001538814,0.0001287983066571022,0.005887920219343625,0.00043914704766373556,0.005263545341761732,7.68506171376891e-05,0.007019379317727776,0.9706395546605296,9
0.0020276613813927213,0.982938347260795,0.0022744173522369674,0.0018503447862674583,0.000741354225435348,0.004074359562262908,0.005648299064207122,0.00023008565834203867,1.3135568487635407e-05,0.0002019951405728187,1
0.9891198389917311,0.0008982788466168399,0.00084506896029134,0.00015529503109724396,0.0020504888666183843,0.00012391541679904474,0.0004251595045272663,2.3719004071321508e-05,0.0025893372324967885,0.0037688981457508607,0
0.000720705087441673,0.9941436012138092,0.00020489949185741822,0.0020973889127027787,0.0015867985122145758,0.000419976536673218,3.302084784976492e-05,6.717899775846406e-06,0.00019871783719632719,0.0005881736604791981,1
0.9881990015437917,0.002111183435075406,0.0005883102299781409,0.00011318864849929037,0.0025641352921497097,0.00029138302601024223,0.0002406568359342454,3.870537540023686e-05,0.001406507938285664,0.004446927674875382,0
0.018423800353372478,0.018220549946608003,0.9375246821665776,0.0008190228011073679,0.0057308004515350475,0.004377041800054906,0.007948031810252974,0.0027026662486905662,0.0003668395113717944,0.003886564910429318,2
0.9920789583942475,0.0008136614174770362,0.0002526181504029658,1.692012968616344e-05,0.0006476974221874392,0.0001216612200672922,0.0004567922129718248,0.0002261338227141023,0.003383466486176536,0.0020020907440691724,0
0.011008418207632261,0.006819512486530081,0.9585310482692783,0.000603207594663142,0.0032200168257654027,0.0029366653887131495,0.009071674690895778,0.0013038786107269504,0.000750200101220451,0.005755377824574422,2
0.004879291027340878,0.9787098543362585,0.0052216297438834195,0.0010576784222128708,0.006153946724467684,0.00045303810691853995,0.00024735379278924903,1.3145718858520528e-05,0.00043866253140671224,0.002825399595863679,1
0.0012179691722430596,0.9884082856393709,9.99421442178212e-05,0.003731729161124345,0.0023069307748978087,0.003345078156795403,0.00036032660976639,1.1284444203856782e-05,5.6636871737281134e-05,0.0004618170256430921,1
0.00037278013911420525,0.006189434978208353,1.996810767316228e-05,0.9848426102775428,0.0052715802841643376,0.002327963875370908,0.0001670577096821686,1.4400796374924496e-06,0.00017618286375469216,0.0006309816848515149,3
0.003239038302808703,0.9856267834416268,0.004617191722915846,0.0010286956846818054,0.0024892246944537622,0.001502668156575502,0.0008067158176718987,3.666125417685391e-05,4.768066377104902e-05,0.0006053402613177737,1
0.9778894309184607,0.001162757741793191,0.0006149132172991913,0.00011236490988901752,0.004385939882506614,0.0001342856477959298,0.0002375880405989987,4.962776640221315e-05,0.006274875180042105,0.009138216695211832,0
0.9712476852568307,0.003674266902859392,0.0020620386575330206,0.0009340110115976202,0.007213122842028375,0.0006144474817824644,0.0015605159025540922,0.00010213979346466991,0.0032519416795064827,0.009339830471843348,0
0.0027548934958562927,0.0003290047063706458,7.962732946262582e-05,2.201844031874747e-05,0.0016935098330716496,3.2216144352450564e-05,0.000163807985871218,6.1748537167297665e-06,0.013047596454411793,0.9818711507565678,9
0.00010285972431298849,0.0028608173073473965,3.2452355010122814e-05,0.017711870583742607,8.293794187673078e-05,0.9779459685149449,0.0008103103381913719,0.00044163671159818627,2.7668430756882918e-06,8.379679900052596e-06,5
0.0003999091075806949,0.9965440891990572,0.0006412116450769011,0.0009645005882150228,0.0002714133069971278,0.0008671484221538115,0.00010940962543612441,1.1208402979129397e-05,1.3381243782490144e-05,0.0001777284587215574,1
0.002646298199143472,0.9848070592276031,0.0006207267960873513,0.0010635321157566018,0.003940844345385039,0.0004441766479079217,0.00010987200887529349,3.659508056773729e-05,0.0023897974047566006,0.00394109817391689,1
0.004009292462630483,0.9730281538978679,0.012284586725222158,0.0004753030646868532,0.0021874832641947993,0.0015413610815025276,0.0018028288317474754,0.0010287633955449644,0.0008286808862314945,0.0028135463903713113,1
0.004097824102984189,0.0018585656876713814,0.0006839262874092831,0.0002497221557380373,0.009968407064867886,7.16739248478098e-05,0.00014102670856717587,5.917299455703789e-06,0.007258533619546714,0.9756644031489118,9
0.9867032927182882,0.002318267392409232,0.004302686044277829,0.0014589106811527574,0.0016352120510423958,0.0009628979139954076,0.0012794358090545566,8.896768456755148e-05,0.0002719902339241995,0.000978339471287826,0
1.6478157873995436e-05,0.0014034332380932447,4.93903694068014e-07,0.0008935734952742819,5.910043006291225e-05,0.9944806764682501,0.0002344054309488927,0.0029011349058546644,2.440830092275182e-06,8.263139855559849e-06,5
0.0019172896053249403,0.0021516217159123466,0.00032253798575211586,0.0008423892795166734,0.0009150053668816031,0.9762268238270717,0.0161261817554234,0.0008464605234396082,0.00015336651657372541,0.0004983234241037095,5
0.0072674777200362395,0.0025146306311591995,0.003837745422647598,0.00014874495618463838,0.007491482233277298,0.00011475593687310559,0.0002896941048947536,4.3809095695100634e-05,0.006121587842894397,0.9721700720563377,9
0.02972931029621602,0.015755921128923715,0.8890860480703434,0.0018570444698353798,0.016497286056203157,0.008206451158736874,0.03107545445891131,0.00031108915781779883,0.0001304013821671422,0.0073509938208450466,2
0.005126162692501172,0.012363321245236565,0.0004367578307177147,0.0027527369291795957,0.0003359613167270981,0.9732838522337697,0.004777581758961483,0.0005837692208490567,7.627967623652608e-05,0.00026357709582140905,5
0.0018234206953844732,0.9905183380056297,0.0010132961916262978,0.0024459057916653222,0.0003956520020330513,0.0027735099389769634,0.0007166097460226932,0.00011654603613785722,3.9012469203938444e-05,0.00015770912331983854,1
0.00013257717454170145,0.0006941680394229369,0.00012865490810392994,3.902815411441563e-05,3.9231975172528006e-05,0.004479617650292074,0.9940787710908864,0.00038933213215511464,1.1198699805411418e-06,1.7499005330105328e-05,6
0.0012482225538654919,0.004671219547438092,0.0019077369226127507,0.00029107911381926984,0.00030772503881017254,0.008631370336718465,0.9818123834676191,0.0009861672422534597,1.3426156432008518e-05,0.00013066962043103004,6
0.0012583530365290804,0.006014641812944467,0.0006486936396711209,0.0001605534049264516,0.00035910831366424135,0.9728056773693494,0.008386212848778466,0.009832549053205212,0.00019364505815815832,0.000340565462773213,5
6.211426736771875e-05,0.0016305723286782526,3.236837662947801e-05,7.664974355048987e-06,1.244336775186314e-05,0.005410634394868406,0.9757085907306761,0.017127727818258838,2.970210000398469e-06,4.913531414060543e-06,6
2.867652159067371e-06,3.708356271789944e-05,3.8405745960787325e-07,4.935891430569267e-07,1.6167743935538464e-07,0.0022303440435279217,0.002223487318252399,0.9955049163013793,1.3678856222506237e-07,1.250093590774247e-07,7
0.9865498147452838,0.0020474285659605627,0.006586316532070669,0.0006346724687838304,0.0009198508738905446,0.0011499078091624598,0.001471657507106382,0.00010534340279640412,5.1724267619984016e-05,0.0004832838273255778,0
0.004325167208908712,0.005266554789762123,0.010491986856471146,0.0006064235591016882,0.00038017556566536845,0.00499474503737666,0.9729635940756666,0.0006484533454538471,2.0482926869276237e-05,0.00030241663472475015,6
0.006820551914450387,0.05914635503534595,0.007639122847036128,0.8172190976678134,0.0208006660823896,0.061459708713016876,0.024479109467979415,0.0007246768246142307,0.00011137241007309827,0.0015993390372810873,3
0.025890323422024613,0.0027664107263737454,0.0013856678334755828,0.0004216473754903396,0.04204892885728604,0.00022739893466559966,0.002073188571284749,1.7349878331655416e-05,0.8532596412337009,0.07190944316736678,8
0.0005636824224663991,0.0012908133620316551,1.3231011921972037e-05,0.0009212236334297056,0.00045343325342864287,0.008190718770763687,0.987760844277736,0.000389306324838538,0.00016943731705882276,0.00024730962632462294,6
7.263249374078375e-05,0.005161845775498693,1.776131177236902e-05,0.9892088741485648,0.00032170741181396966,0.005104065714301266,9.942737158078e-05,1.5276353135653107e-06,1.4215733410076604e-06,1.0736564072623022e-05,3
0.0015197094398173743,6.293426287294917e-05,2.0082052481224246e-05,3.102536613337e-06,0.00048653635033738554,3.133615056283313e-06,4.9214776270295115e-05,5.246812717531937e-06,0.9884450218729843,0.00940501828084949,8
0.0014147253059116768,0.0019165339860217137,0.00016884275239374593,0.00014202000678992021,0.00040188438559959845,0.006790053441866646,0.9882498921791973,0.0006923227765844081,3.4139460472775706e-05,0.0001895857051623252,6
0.008099462638634314,0.04643324350976432,0.023839571182351995,0.06783361886989844,0.8340448363493886,0.01374007460829012,0.005539640789487154,3.747472972580858e-05,2.339716323483873e-05,0.0004086801592241377,4
0.9913931617401099,0.0024850141860800093,0.000678496670316652,0.00017763290457935426,0.0011135435536939503,0.001832745755451903,0.001379187125663494,0.00013236528790909106,0.00013426749809951978,0.0006735852780959932,0
0.003307310612284224,0.9870400282145267,0.0021864882971834583,0.0014506729108697653,0.0033247810840340533,0.0007033873425653234,0.0003541145568822751,1.4933279877283459e-05,0.0001263975855523296,0.0014918861162245536,1
0.0022420945529770505,0.9779456916479274,0.011797273580658301,0.0008230705997463618,0.00028058648392162525,0.002910109177650166,0.003181022477385307,0.0005900438181109298,3.242050195461357e-05,0.00019768715966795447,1
0.9914879811160745,0.001612797427644674,0.0004549680547435247,0.00019623416276880185,0.0022936467090711376,0.00022389342550818006,0.00040452663329949937,2.457540910380911e-05,0.0011121797194861287,0.0021891973422999704,0
0.0005692245486989412,0.9881047131618599,0.00039234552863805564,0.0015641685288776258,0.00024027703042470082,0.006461125739998184,0.0017598215400480566,0.000804690704943974,1.5301659522482733e-05,8.833155698813804e-05,1
5.087152482967742e-06,2.000531482133546e-05,5.737013445560766e-07,2.2949928604146474e-07,1.1621367330238814e-07,0.0009399278415987025,0.0018003181191423216,0.9972332451127957,3.0136736330621937e-07,1.956774921140294e-07,7
0.0003429406475216256,0.005684121539327047,0.00021196648367017375,0.0001118660603541626,0.0001614608027706945,0.9898960942221264,0.001636233625983993,0.0018291261728494417,3.69268094492115e-05,8.92636359473947e-05,5
8.196720276842626e-05,0.0040562178078559375,2.0942152068155484e-06,0.9925781226816868,0.0007089781367874756,0.0023494549204506844,6.548615137379646e-05,8.629201667401222e-07,5.380254342159201e-05,0.00010301342028195127,3
0.0006567767879072765,0.0009271752359766444,0.00010554395228773676,2.946352508876087e-05,0.0002905159948103257,0.004881188490448287,0.9917573141731905,0.0008520614357368229,0.00010013131490017437,0.0003998290896537679,6
0.9796011759318286,0.002035802141754637,0.0019426986092752065,0.00023183364901117998,0.005290509179211224,0.00026622470170840304,0.0006048347595861562,8.617888754643004e-05,0.0028644327397526273,0.00707630940032546,0
0.9888593846317785,0.0024113843125837444,0.004265536793490233,0.0002384132213056787,0.0004486046460167315,0.0012020498242340195,0.0016310320198788845,0.00029439608934946553,0.00011346378412657925,0.0005357346772361057,0
0.0006079809162932202,0.9943779057380923,0.00018075826117544422,0.00014657330875767142,0.00018905390722621704,0.003029521709686481,0.0002848337111379285,0.001081238823195583,2.6671827688810576e-05,7.546179674638449e-05,1
0.037353927579464145,0.023300086700356732,0.004186169393855048,0.0030664757250044353,0.7908931444212777,0.011555514331094086,0.03736266949673787,0.0016227825387529749,0.024742553852554448,0.06591667596090246,4
0.0002057485391867312,0.00035204402101741755,0.00012439790615582477,1.9946658973338325e-05,1.894295715968173e-06,0.004171882216254055,0.9937968887036789,0.0013226270691725486,1.4429377195982483e-06,3.1276521254778096e-06,6
0.002603216239752335,0.0018643623453170651,0.0050784245114035,0.00034003248740685195,0.00011253239278760242,0.006793195546028662,0.9820527736925501,0.0010481001469197638,1.6759942021806003e-05,9.060269581248159e-05,6
0.0014332902916065753,0.00013322251357503396,8.486307311265282e-05,9.429140373556631e-06,0.001234526389049542,8.702294452448786e-06,9.613037447763792e-05,5.268691354739869e-06,0.013387513086024956,0.9836070541459728,9
0.9834956990159415,0.002155154651050407,0.00249007059003931,0.00042107657884926284,0.0019988239077198666,0.0007540947596415657,0.0019809624080226046,0.00021112963983274956,0.00150338778285034,0.004989600666052424,0
0.9829493061716492,0.0038002215119014244,0.004737809926257298,0.0009196942346141471,0.0024038690782649296,0.0018786050090157669,0.0019261233069304599,0.00011539472452083756,0.00013829185021589578,0.0011306841866300982,0
0.0017295466306927708,0.9852015469867683,0.002382601487606805,0.0015277625546252314,0.003694448721525278,0.0012447359216658251,0.0032139500079837206,0.00011996025705894294,6.756632953439289e-05,0.0008178811025385009,1
0.0072200210223164136,0.9738202656865884,0.0005724505323257267,0.0012694130388741223,0.010611917943929742,0.0005447788132776936,0.0003046879543332319,7.407639800822798e-06,0.0012937001062790366,0.004355357262274873,1
0.9816589312069739,0.0030086378684471868,0.007160287245907605,0.0005442328810527684,0.00041917711901461014,0.002293951319819856,0.0040225077265305465,0.000606253499400767,3.333428468197806e-05,0.00025268684817074714,0
0.0011834204158341995,0.0017215819400223796,0.000126431705053622,0.00010028889066115407,0.0003675162063543629,0.005478305409138541,0.9902093518546049,0.0006577891091198018,1.99416870896775e-05,0.00013537278212147376,6
0.00013781382151630936,0.00122463292943195,6.1795293119412976e-06,1.1574891841525214e-05,7.715247666108043e-06,0.04762015638596778,0.05357097086807351,0.8973547571120214,4.057149448398276e-05,2.562771968547529e-05,7
0.9894758934941407,0.0013743629316263308,0.0016225972831819446,0.00016463526540738316,0.00211089122780158,0.00021549667138944978,0.0006138957498128983,4.144557492302491e-05,0.0012548333899746204,0.003125948411742229,0
0.0009615004519264326,0.001783727215211142,0.000268753286946765,0.0003242882994576408,0.0001495980612152257,0.9901367497481307,0.006136084053692854,0.00016514083141388864,7.471114254681729e-06,6.668693775067895e-05,5
0.9807825049338931,0.0032279112871264524,0.007538625291638133,0.0003603223851192293,0.000607538924747627,0.0026122466218055887,0.0038674314113339337,0.0005912292106926569,4.918420283712715e-05,0.00036300573080606195,0
0.9860945529650144,0.0034849585450137644,0.0024188256231416983,0.00031213731066903193,0.0024483755047883726,0.0009003317479031885,0.0013056625640334046,0.000503033982219867,0.0010720188942547405,0.001460102862961346,0
0.0012593479571068166,0.9923546775797539,0.0004933639274098084,0.0018251013256963557,0.0022798371755544285,0.00046700474984847187,7.185175120381897e-05,1.4459401661176871e-05,0.0003337383317231336,0.000900617800042085,1
0.016375403600397173,0.0027654529802277165,0.00034335614307760056,0.0005523265660020922,0.009847687947843665,0.0005236617746848071,0.007246556305019821,0.00010933253598138623,0.9194185425030696,0.04281767964369586,8
1.8096563312524913e-05,0.001217315029107461,5.637912993186948e-06,0.0003504025486370971,1.647480675073684e-05,0.9979257613555339,0.00041372329215995694,5.0584037706432996e-05,2.3626598469766282e-07,1.7681878143106552e-06,5
0.002451991923158378,0.003717304283859813,0.0001744225167871139,0.0001290778066533953,0.0002278996976937319,0.0072328430298332245,0.9813032196205257,0.0042167013826204065,0.0002561447913343105,0.00029039494753403265,6
0.9691422391091129,0.01027683278522078,0.0030863034794066184,0.001483681274160786,0.0007282573458614388,0.004832464823601059,0.008512217360602264,0.0013430744621861265,8.07283384783398e-05,0.000514201021369853,0
0.00010689706878803225,0.0006905065059138252,1.218986108086578e-05,1.4346305435777193e-05,7.484711859090216e-06,0.051796910756244256,0.07878882845057293,0.8685508122111086,1.9998323816578715e-05,1.2025805179942322e-05,7
0.00012314904020682032,0.0001211368863027973,3.715143044876025e-05,1.547076000468622e-07,6.949422693583533e-07,0.000952114988247533,0.0056062843413750415,0.9931412644228729,1.037887361390717e-05,7.670367062899672e-06,7
0.005120388026041951,0.9783447371382845,0.004026566901296463,0.0005223289382703816,0.0022493531293194865,0.0004175150938082964,0.00019636153461417778,0.00023399860375518438,0.004688734195475228,0.004200016439134267,1
4.776887886784729e-06,0.0002263198519639812,6.418426311829063e-07,0.9987179079648488,0.000526978429500428,0.0004948891925996237,2.5447583787102036e-05,2.41011277898451e-07,7.663345690336099e-07,2.0309009351901547e-06,3
0.9867204229080954,0.0028718260245839916,0.004411691918020039,0.0008694730080552104,0.0018761806406615933,0.0011832085521989782,0.0011732941754773025,3.0101467081952856e-05,6.336420838563133e-05,0.0008004370974400915,0
0.0017413527265659147,0.9626227258257215,0.0116776014232449,0.0003079086644140882,0.017294959336659005,0.0008291462724137362,0.0014278591818848213,0.0003325353464001622,0.0002029171521975324,0.00356299407049822,1
0.00658486698000816,0.005208316937772338,0.001777119848598429,0.0059528203420612935,0.9652104162534075,0.002362702192240214,0.009445168732441566,3.020669719043254e-05,0.00018177943177162903,0.0032466025845085257,4
1.5631517124761513e-05,0.9902060166872669,9.106400249298511e-07,0.007077567822790345,1.3338119323426858e-05,0.0026743506946210155,5.3524411024035324e-06,1.0564130019031211e-06,1.0626399398877214e-06,4.713024804526849e-06,1
0.003122816701873686,0.0003790881716238767,0.0001497373476857772,3.422442856996887e-05,0.002677825737298425,3.8025198532941764e-05,0.00022328113363493163,6.2338851855803545e-06,0.009154424337507355,0.9842143430580875,9
0.00011259489665724194,0.9962163384584528,2.6777048454663985e-05,0.0027228217498570448,0.0001062907961188913,0.0007867155003405008,4.808410050271755e-06,6.464548111397906e-07,3.7074259398049376e-06,1.9299259317406936e-05,1
0.0002629363255076181,0.000935418924132405,7.047855936706804e-05,6.867731721665062e-05,6.648347787217017e-05,0.9885935292433398,0.009154747427926043,0.0007936471840347196,1.3755488170831984e-05,4.032605243267914e-05,5
0.0016654444356990084,0.020759568959450452,0.0003788809997850977,0.007662776908718326,0.0011717499987801967,0.9656459744031504,0.0013035144867177223,0.0002537190794490388,0.00034914218173293294,0.0008092285465168429,5
0.0006594134639067664,0.005444585903978862,5.131388380373837e-05,0.002482170217968381,0.0009319811309325331,0.9892702981638681,0.000832549006873074,6.0357361430281434e-05,6.0304787409560695e-05,0.00020702607982832778,5
0.0017200843425995815,0.007833703195739276,0.0008113054582404706,0.00033841824466887733,0.0005734370926158652,0.9751776119787756,0.007218602026148703,0.005827873804708778,0.00017710336732081625,0.0003218604891820987,5
0.0029928039314938027,0.0022650548651277475,0.000453059919148223,1.3002828477910563e-05,0.00011107863315882457,0.007645540117316325,0.9547324215359927,0.03128593520819619,0.0002058005329976349,0.0002953024280906329,6
1.5081585033509322e-05,0.001828822796170198,3.187852427910429e-05,0.9622710179911133,6.825394535714047e-05,0.03195769625978363,0.003432690881822595,0.0003932009320845756,5.482771787915162e-07,8.088071770200883e-07,3
0.007697023826985281,0.9732882602858972,0.0014449830492234241,0.0015395813025133296,0.00843680299256509,0.0011259967120762196,0.0007907833612383608,3.487206919451848e-05,0.0005951455205512074,0.005046550879755303,1
0.006320793070513612,0.00803222144982257,0.0022335266030492624,0.00025122192343328355,0.018087134358573186,0.00038340831501587,0.0005720576016507557,0.00017529488162219096,0.004142407830301764,0.9598019339660174,9
0.00400495118843383,0.0007672036900365064,0.00041777188400949884,3.3825184664542306e-05,0.002430382992069565,3.7478203478266276e-05,0.0001409092233762274,1.5305870461462418e-05,0.009244925519530628,0.9829072462439395,9
0.98577679713337,0.003046928615995841,0.002150151046243421,0.0003308851707734158,0.0007811374550741682,0.0018165775067318867,0.0034466248768051234,0.001103413630613802,0.000651370251209916,0.000896114313182323,0
0.9807198085226966,0.0046436007032258746,0.006984695449061967,0.00028656666258232655,0.0003072246016813786,0.0037051345505675804,0.0024736438038496116,0.000740478615369301,1.9592849777874178e-05,0.00011925424118729356,0
0.00624976755223951,0.0024784078554234046,0.0006238053183734439,0.00014327575094347675,0.007997561230349757,0.0001481875190431836,0.0001623433379890456,1.2541389342799617e-05,0.002870102980947335,0.979314007065348,9
1.89354718522908e-06,0.0018549323332554665,5.767265604770519e-08,0.0016300744372453623,3.6907675606363415e-06,0.9964951881298288,1.037190972302504e-05,2.693094445811009e-06,3.10550929000719e-07,7.875571705636257e-07,5
0.004541835054379098,0.0005845705802297972,0.0001909266349110476,9.24209538550074e-05,0.0059508401490806365,4.671806104877689e-05,0.0003899764540874188,3.8089207444070916e-06,0.004738062166791863,0.9834608410248719,9
1.381022567752754e-07,2.7234330921457056e-06,8.198288217735091e-08,4.694173029749948e-09,1.978366882620114e-09,1.5624007895283512e-05,7.31671750249654e-05,0.9999081886482809,4.6325772692621773e-08,2.3652255364647347e-08,7
4.4901251545589755e-09,3.4903301066529696e-07,4.609461527054333e-10,2.489359275105692e-09,2.22816919437177e-10,0.0005657117459144399,0.00012607335264911608,0.9993078330660728,2.3773930226290605e-08,1.3651752566164e-09,7
0.9905313627577077,0.001931813576122464,0.00048205010963689183,0.00020494715541697657,0.00240974572086511,0.00022116802623682716,0.00031596639381916607,2.442793867264814e-05,0.0013922026376325704,0.002486315683889603,0
2.15724752407164e-07,0.0012572381419663399,2.4594851743817316e-08,0.9973063816629648,9.635104385705876e-06,0.0014258714410820374,4.4001857263620025e-07,1.4012361885321529e-08,1.9663702362543043e-08,1.5963535995336776e-07,3
0.0027900200481545583,0.009310466749240751,0.0014270212208066164,0.0032715543510363366,0.0008154619024629582,0.9677028474576387,0.014299643740071187,0.00020404418131049644,5.651259634152034e-06,0.00017328908964432622,5
0.0013765672602501157,0.982352353103105,0.0007287834645330544,0.0012622859387437626,0.0006162563554232278,0.008083765549327422,0.005025034703776838,0.00033313320794080525,2.6198855233928902e-05,0.00019562156166609435,1
0.009337373847611906,0.0008006875204230948,0.0003143546550306923,4.7710435940753564e-05,0.008938508240588946,3.445349426827665e-05,0.00032274196883279506,9.5856904869309e-06,0.9307118929214289,0.04948269122538785,8
0.000632160943887796,0.9925169295016226,0.0002514527314088555,0.003239959695721191,0.001410617577603773,0.0006763970656842927,7.971032884159514e-05,5.979768046760127e-06,0.00023697475587263067,0.0009498176313101738,1
0.004580161090872872,0.9835825273450041,0.0018072646818686532,0.0013447173594851169,0.0064365606836810614,0.0007089221747315513,0.00024541934194937455,8.75080694118329e-06,0.00011061084833538946,0.0011750656671306457,1
0.0022561412558652683,0.9813667852975911,0.0008452560120586246,0.00860353006552608,0.004618957500228433,0.0009638447065036318,0.00038628889848274555,4.076613261338201e-06,8.070821382532439e-05,0.0008744114366573553,1
0.00016685970816626155,0.003948696291868655,9.560824696696509e-05,0.0010528720919612594,4.714531301413982e-05,0.9910470496759793,0.0033019160884900007,0.00033175557352289897,6.291342291812201e-07,7.467875801461982e-06,5
0.986086655489737,0.000590102271869545,0.0006011149398429746,0.00013242537337314388,0.0014099732716146404,0.00010797335588985103,0.0006089887381616613,2.5338834842358144e-05,0.004849131865500241,0.0055882958591686556,0
8.564283852287302e-08,3.900881908611028e-06,1.0958782517193962e-07,7.7477901739192e-08,1.7151963673084304e-08,7.382919983570529e-05,5.9162601161522344e-05,0.999862763151645,3.597524314861913e-08,1.8329676881673563e-08,7
0.0021264289589313255,0.036432113714397404,0.0008298502222468282,0.9375222509148713,0.011495100233884756,0.010681560271838773,0.0005579594492267015,1.7446751376588937e-05,1.3810012074185129e-05,0.0003234794711521448,3
0.03061214322467128,0.019933074651268277,0.033889227766521784,0.0008527796361721878,0.0024958326313788723,0.007924891487077135,0.8998933017783602,0.0018661834968143277,0.00030010703380429864,0.0022324582939315923,6
0.006977350761114272,0.9485626779089169,0.0004995645320181238,0.0003194197357246503,0.014526292039427732,0.00023175248122930567,0.00012703721792911056,1.557934548858627e-05,0.005403213295636137,0.023337112682515104,1
0.0007500362765697297,0.9959235124435256,0.00020561375303275656,0.0009318972069681036,0.0010036227871087623,0.00043715900992560386,2.5310986988631615e-05,7.994141874591809e-06,0.000188137664370187,0.0005267157296360701,1
0.9843607167781201,0.0019164491126950046,0.00456155807285371,0.00014213784813975485,0.0012823769840988003,0.0002661719853806239,0.0004698564829977693,0.0004885711427670141,0.003665827249072269,0.00284633434387535,0
0.013679941638913966,0.0032553367869204114,0.002587256261321523,0.0010885836221444188,0.94636504082172,0.0002579165722512596,0.000902581124540989,1.1056194865615335e-05,0.006440931812178508,0.0254113551651433,4
0.0038200626997536478,0.9860070822321849,0.0007524945787215917,0.002579607201138883,0.002889616359200396,0.0021420212527203304,0.0006656654437714936,1.2640571432996757e-05,9.063405046907678e-05,0.0010401756106067092,1
0.013377201279921489,0.013863126200367577,0.0016478216839734712,0.0006984572829423472,0.002135784729191093,0.06693686247221518,0.12546263221370396,0.7684620199683504,0.002845955123285506,0.004570139046048805,7
0.0002322716296353018,0.000533683511745955,0.0037979971040538337,3.618351030015512e-05,1.7971200793189487e-05,0.0032726192088244474,0.9905947635313638,0.0015104712574785608,3.0174895392100447e-07,3.7372968506882215e-06,6
0.0021488283090932395,0.002002667050039586,0.00012515357181591328,0.00012042920629422409,0.0009352901654120299,0.0032820992839283055,0.9882316805370743,0.0007737389838342738,0.0006567731763939386,0.0017233397161140315,6
0.003385305072819492,0.032215826762747965,0.0012841257711823399,0.9383438587218011,0.001325191373581337,0.021986411743109172,0.0012518418567468866,6.173812121356784e-05,2.0400694872683e-05,0.0001252998819255159,3
0.005419846950772524,0.001908838180802528,0.0007305269444666364,0.00030645553280968344,0.009777459667957789,9.630569841488179e-05,0.00015678405558711787,5.029695007427974e-06,0.004988891440874138,0.9766098618333072,9
0.007508775312702779,0.003138652994411696,0.009578027787420677,0.0012461794932111354,0.9675536780158521,0.00041520336294263244,0.0012652363234654815,2.5108638026556363e-05,0.0010353917350330714,0.008233746336933764,4
0.0003309826699302429,0.9775857131643663,7.300405213222327e-05,0.013016750406856377,9.8037369975462e-05,0.007539734088776943,0.00126765769079396,5.484930491122629e-05,7.658441919479626e-06,2.5612810337756672e-05,1
0.02251183628601502,0.018032359438363645,0.02058360779275715,0.0013989924999554164,0.005438965364256644,0.9190067362823732,0.009317000239159117,0.0008265220945752041,0.0002311887128298332,0.0026527912897147342,5
0.980368097000711,0.0015706083809931919,0.00041821545265177505,0.00018810103993396944,0.005419685704911602,0.00034902811338411897,0.0004459450014472946,9.249915941519213e-05,0.005820887871178023,0.0053269322753737745,0
0.012981758835083658,0.002159508783679844,0.001643105811193896,0.0005805465754258016,0.9253267055817477,0.0002970612349281791,0.001590287592772323,2.4667298519733753e-05,0.017773165121355794,0.037623193165293126,4
0.004058723429671819,0.0017781321368080705,0.0028505036817840766,0.00027804173103653754,0.000887909393930697,0.002276571886157505,0.9864003462231056,0.000609177020342803,0.0001522846505456839,0.00070830984661716,6
0.008796604394888627,0.9810066293711391,0.002151383766177631,0.0008569066657325218,0.0014421807470462414,0.001610541079924636,0.0017538094798478007,0.00021279968332859085,0.00037951836023751535,0.0017896264516772725,1
0.00042550441177929013,0.002025510991522936,0.00016831592645696647,0.003802053931760215,0.00038541096018743676,0.9906670302085664,0.0021048027883373206,0.0003661082088826374,1.1492598949940956e-05,4.376997355705034e-05,5
0.007604090787779761,0.9805639322014678,0.0014199603059625795,0.0011405600790396913,0.0033333342975052577,0.0008477488292888178,0.0007918463143609524,5.477335986225794e-05,0.0009111008937920814,0.0033326529309410462,1
8.481297971955826e-05,0.9761353636656389,8.843119187803318e-05,0.01899148448577474,0.000364449295192696,0.0039691766632376935,0.0003329197510071466,1.823444096940368e-05,1.4648877277530847e-06,1.3662638853978005e-05,1
0.0010995071506503934,0.9905394403641131,0.00012599173804242418,0.0032671839194836193,0.0010421358640697051,0.0017503502075614066,0.0005814961271588049,2.9048261253461485e-05,0.0002982600412513717,0.0012665863264156457,1
0.9882969549531317,0.0018856077913638812,0.003814033354397543,0.0005315572332492456,0.0008962381208846477,0.0011609741143164508,0.0020608914039924368,0.0002270434985288402,0.0002547376374244001,0.0008719618927108603,0
0.000546898259179203,0.004566289797092321,2.4109440174809978e-05,0.9828686018915188,0.01064565334954523,0.00044355992706561037,1.7479118207844134e-05,2.9351837261533077e-08,6.223465279283711e-05,0.0008251442125862988,3
0.03181042903993259,0.01276992383528809,0.044492295595370816,0.0025227532370871463,0.0048019850699825,0.0047044717542141495,0.8901005596813709,0.0007229679100535503,0.001448402908711043,0.006626210967989507,6
0.0004831814875425494,0.0007148750398429856,0.00036481445432316175,2.4853965847421648e-05,4.937294802604383e-06,0.004564234745244605,0.9919782922957354,0.001855296757045698,2.2079151375361924e-06,7.306044477947542e-06,6
0.005944005031009264,0.0018117530230448357,0.005974302666367052,0.0001246038229176204,0.006366157130407409,0.00013839724744476884,0.00046787049574642287,5.3401611071687e-05,0.004284242320329461,0.9748352666516615,9
0.006118986659950083,0.0034807283905689958,0.977795886948511,0.00015771653952715816,0.005647805343587943,0.0009021078764150606,0.0030332322491504514,0.0002541853675225606,6.192069362697905e-05,0.00254742993113967,2
8.392021230590472e-06,0.005856126528822362,1.362685655306952e-05,0.9664712819215171,0.0014884698605523738,0.02568688114623529,0.0003994317325356023,6.942036448974887e-05,6.7910018296724e-07,5.690467881010482e-06,3
0.00019338131510800082,0.004651566846201436,7.450695893020066e-05,0.017515095340837707,0.00028038517007581673,0.9761005567595087,0.0011224365860110443,2.885986271806906e-05,7.154640371730351e-06,2.6056520237582345e-05,5
0.005354119329600349,0.9754317551382906,0.01072968362856118,0.0014167734818284932,0.0009363301278000888,0.002177425658667139,0.0029099480924958993,0.0003517934725361719,9.212202680917566e-05,0.0006000490434110471,1
4.9074026939358586e-05,0.9932583794935548,6.483933491597856e-05,0.002428385056972573,1.3644311177309093e-05,0.003960144562500054,0.000121951780340404,9.984575804021922e-05,5.398355852286335e-07,3.1958399739806825e-06,1
0.0005006052884362398,0.0008981914080245869,0.00027998025482151164,2.9527840200387014e-05,8.500907633966732e-05,0.005717943934180724,0.9662816154564142,0.025913278859744645,0.00015815007463115997,0.000135697807207034,6
0.0028898567614784286,0.0001593456602470058,4.1042121451498175e-05,5.051288314980249e-06,0.0014253592941676574,5.233449423284731e-06,6.232270650289611e-05,4.877537799440153e-06,0.9777343216067602,0.017672589573854636,8
0.000116981330361203,0.9967280518988736,1.3448302356459476e-05,0.0023644009262809287,0.00013250895827517353,0.0005417836504577258,3.833643491571492e-06,2.4582239156098553e-06,4.443593438040677e-05,5.2097131607232395e-05,1
3.470303868473964e-07,8.07642863379601e-06,3.157232964229291e-07,7.491021171114025e-08,2.834731224211827e-08,0.00011678454743642018,0.00011546479967990966,0.999758688338405,1.472000391579618e-07,7.267459872865144e-08,7
0.00011609241867382923,0.0014006198577554334,6.699767325543987e-06,0.0010482735812784028,0.00013893775927448088,0.9949135606461255,0.0020741178566040285,0.0002569498947008875,1.5764368020383265e-05,2.8983850241511382e-05,5
0.0011570625850184219,0.0043481397440546625,7.697306760324938e-05,0.0019067325768744557,0.0005868088720250481,0.9879618745860195,0.0036126209061223356,5.916954851087589e-05,5.8345875180940534e-05,0.00023227223859051432,5
0.9829878023010759,0.0019372458045315759,0.002844985764829962,0.000649299514661627,0.0016792417898733973,0.0007267760369099602,0.004092477042793402,0.00014076145846641047,0.0011792277060979888,0.003762182580759742,0
0.003690926760614234,0.0063254370238375575,0.0007566741769210994,0.00020024430571835507,0.012179110605822113,0.0006560077024523299,0.0018645837918486283,0.0002516556708418403,0.004911686796833848,0.96916367316511,9
0.000914430181811322,0.00123210729639323,0.00020138116509478215,2.884146760825164e-05,0.000477037861891369,0.005351038058308042,0.990124614428468,0.0008804093441620747,0.00012984186358032634,0.000660298332682345,6
0.001332118116825175,0.989612252136531,0.0012789607902003025,0.0015480073497025366,0.0009223399141641756,0.0026433405439595845,0.001985976988138232,4.5429118103964246e-05,2.8770555321756892e-05,0.0006028044870531247,1
0.9677536859505469,0.003186262298907878,0.021309805097139454,0.0005344328003711665,0.001209234817309816,0.0013534001463133404,0.0033380079234790476,0.00039777430065772803,0.00011033194450496383,0.0008070647207694538,0
0.9818308017046923,0.0022249517896817555,0.002617897201208525,0.0005336464016842934,0.007616054943785491,0.0001586438383556499,0.00018498638554915726,7.020411935142249e-06,0.000690320293242109,0.004135677029865909,0
0.0014098114674077297,0.9880984044984555,0.004460664406042819,0.0021311730674561,0.0003092673222728097,0.0023460196057081984,0.0008372189373973343,9.297039995365486e-05,3.362866388321767e-05,0.00028084163142254743,1
0.0008076250604949855,0.0025397515921528418,0.00023989866333685463,0.00034432849024564933,0.0019349757196153007,0.004209432154662529,0.9675418020955375,0.021320495011615183,0.00018831616844506267,0.0008733750438940978,6
3.8843640286876945e-05,0.989512028923138,3.4927887754426265e-05,0.008859551067248889,5.726411955745189e-05,0.0014868137709738549,6.147753202705173e-06,8.86029862244057e-07,3.280169895733999e-07,3.208790985716714e-06,1
0.0066387298601108665,0.9660014022024694,0.0018098975929198762,0.0047641087259255544,0.014516635788179008,0.0015360890254657196,0.0008422336915886064,1.350618323966492e-05,0.0005719526492537651,0.0033054442808475976,1
0.001105041639613182,0.989766606149129,0.0003383337539712863,0.0055557642188090285,0.0018534069849678325,0.0007506673815567284,0.00011085155417140337,1.8798873976618278e-06,4.041311669271562e-05,0.00047703531369111063,1
0.012198129391791797,0.002334321759239453,0.0012666079826821805,0.00012879005883707764,0.0028476791502712547,0.00034869301525292443,0.001343762878114845,0.00018174181216242807,0.008949988440124769,0.9704002855115231,9
9.902001053657186e-05,0.00034315998937129843,8.753652160318247e-06,0.0001152114848821139,5.4357743166533034e-05,0.003680633473602017,0.9951510786335953,0.0004997524662582752,1.7683208164019306e-05,3.0349338263740837e-05,6
4.0245370719062854e-05,0.0015126330156470605,1.2832624945409257e-05,0.014570343669529737,5.22664696940837e-05,0.9827623406672986,0.0008963390169009828,0.00014855597562625576,7.77241840831954e-07,3.665947798011457e-06,5
2.432195466100828e-05,0.00040750688414052915,1.2315586044145713e-05,0.0003147327293433406,1.9055098657991525e-05,0.9941095225038472,0.004606705712053639,0.0005035715838026918,3.636482782739777e-07,1.9042991711540757e-06,5
0.003235250030727173,0.9891757895364796,0.003362673715692765,0.0004647057473709998,0.0007802082048141461,0.0020673715034627265,0.0005653777703148665,0.00011228257363345287,2.141824671002392e-05,0.00021492267079415916,1
0.00074355799836099,0.001965080614169287,0.00013188543900428262,1.7875698645807318e-05,8.825661904546135e-05,0.00727541798384566,0.9782786232149097,0.011336659169180132,6.134119200216895e-05,0.00010130207083684088,6
0.0022420653956821647,0.9897203785568398,0.0029988721088441425,0.0017845837619254973,0.00027837939223514355,0.002132902072044234,0.0006001526418445542,6.030122875089098e-05,2.2821063376428875e-05,0.00015954377845710582,1
0.014317557664821833,0.004414172995316433,0.0032720150032539987,9.83767146736612e-05,0.0030937168614081677,0.00044897604841713734,0.0011421228772929097,0.0009013367106810089,0.012409504412676598,0.9599022207114581,9
0.004466160314067698,0.9770399015261939,0.006703315940902287,0.0009337410086216123,0.0027391179765004787,0.0012783522232854344,0.0013945516003821326,0.0007574649784251413,0.001705151914476136,0.002982242517145108,1
0.009042056375829123,0.003108632906007319,0.0018386614387340026,0.0003113552438268527,0.006714924308844656,0.0002051789899948448,0.00034255398549857126,2.0185352354562158e-05,0.0046910928159732326,0.9737253585829369,9
4.1446266672027115e-05,0.0019785052029307184,6.167408177896574e-06,0.0019101113390551144,8.768165192160228e-06,0.9953290149532477,0.0005567024874626817,0.00016475043983992053,1.0561175934932234e-06,3.477619828211643e-06,5
0.02195290035748822,0.010603640195343439,0.012786662610391453,0.0018378407611140185,0.9340324535599528,0.0009122736548878958,0.0011389581070259025,4.5861941138195696e-05,0.003016212755584877,0.013673196057073282,4
0.0005652108719647316,0.0070445316160876,3.2696780847591955e-05,0.0012004927236972495,0.0005814051987881463,0.9898689527307958,0.00047874411085497843,6.96717638594665e-05,3.374829456043419e-05,0.00012454590854425092,5
0.0016629735571588038,0.9921298522000603,0.0015719848920019766,0.0005568762294423068,8.074889222068256e-05,0.002910669577664577,0.0005795733595644481,0.00043533890177498483,1.9683970796417665e-05,5.229841931532472e-05,1
0.011794612171571128,0.0011650874933064755,0.00048018756119486394,2.5715341889809988e-05,0.002816650469896065,9.880848635958963e-05,0.0009436820522118481,0.00027137470933624784,0.9634788519763136,0.01892502973792033,8
0.0036584057184358013,0.0024998058707449517,0.003665825170994287,0.00017263009125608795,0.00044132028398849725,0.0062209834963286815,0.9821582134965706,0.0007698192074185441,3.793093632691652e-05,0.00037506572793566915,6
0.9900047410751822,0.00200568559962069,0.0021512197526872877,0.0003192138777028569,0.0019939177238541615,0.0005746106691886721,0.0006438763245847594,0.00011971931717898033,0.0009549632233593875,0.0012320524366409168,0
0.004137855721852104,0.0002519271143922174,0.00011358295213681486,8.575795884714842e-06,0.0017948986565382659,3.5319891749393036e-05,0.0006890542041728382,7.937400780103959e-05,0.9761770678958834,0.01671234375958908,8
0.956578038260725,0.013983817196065958,0.006398914863835679,0.0051015248191861855,0.004902795173172796,0.0062066846373960175,0.00630679863088624,0.0001752711534852519,1.1739781116647972e-05,0.0003344154841302683,0
0.0027772244602395917,0.9871270376969818,0.0022734724649504027,0.0010452530039410008,0.004411574948302043,0.0004661689185280021,0.00013284818841175923,1.190748574800803e-05,0.000277086080576749,0.0014774267523205442,1
0.0022485269252981227,0.992600561304742,0.0004993481932667149,0.0018401988911105555,0.0003281576843098148,0.0015727669503532435,0.0003761579641209639,6.592078294714476e-05,0.00010357720130813871,0.0003647841025434632,1
0.9686952020965671,0.00531488323510786,0.003985871379800355,0.0011244466432328358,0.0011078016621759298,0.005606586734305727,0.00990933216416121,0.0037792913331647247,0.00018702685468773987,0.0002895578967965716,0
0.9940739044909697,0.0014647554428555757,0.0009053827715949863,5.822608352389782e-05,0.0003599475925177392,0.0007810732226252198,0.0008446317929185398,0.00075657574348634,0.00018831998045241167,0.0005671828790557848,0
0.0003747972226924872,0.9936131625676022,6.358176769299667e-05,0.0026981463335572237,0.0001743491544927094,0.0026551877921663423,0.00019017283684453302,7.66504384978518e-05,7.503630616608426e-05,7.891558028737392e-05,1
0.951872530956778,0.022251136929700457,0.0021099215692583348,0.0021320827859862826,0.005307814999569392,0.006586904856414471,0.003147294365701476,0.0013072168671867642,0.0019889144005194037,0.0032961822688853944,0
0.010027249895299144,0.9751085157350081,0.0019978841484014024,0.0010213975608780181,0.0040929319866384,0.0007122992563268804,0.0007172735936808668,6.211332034597924e-05,0.0016938881307442663,0.004566446372676862,1
0.015148352654796195,0.005308285870408583,0.005280250361721606,0.00043477377200578184,0.021702628034195235,0.0007108277615484871,0.0023057671156687123,0.00014751913266329393,0.002513873111262882,0.9464477221857293,9
0.00434279525160567,0.0007516490714266053,0.0015499878827554593,5.107044907725275e-05,0.004669146629517607,0.00019554759950475407,0.003200817641635984,9.925831268736912e-05,0.0022454239045742014,0.9828943032572152,9
0.00238761035506936,0.9889580805466696,0.0009755879468135776,0.0018647111500609342,0.004209510001901755,0.0005380948074926485,0.00013670969932182638,3.3171814319137697e-06,6.03311899472384e-05,0.0008660471212913156,1
0.005688019541668167,0.020537066242331464,0.0005102272405189616,0.9023284782781024,0.060849332089638795,0.0015696699069206027,0.00017876499719333798,5.848638657872016e-07,0.0006634075804928606,0.00767444925926774,3
0.023256323413095383,0.006169278438972101,0.001110943491671806,0.0016944794262783384,0.9461399111038444,0.001212060177855867,0.0016433115923931488,2.1886576831452697e-05,0.0036112592319095284,0.015140546547148062,4
0.00035932123586422535,0.9625714151724157,8.803106602079339e-05,0.020513552878143347,0.0005416979264621253,0.014140955905019003,0.0017381356678220859,1.4538360109083485e-05,3.314420786174303e-06,2.9037367357467803e-05,1
2.4364093281748824e-05,0.9977938582300407,1.675545296313981e-06,0.0012205684000401573,1.7097392452443694e-05,0.0009289476594858708,1.0820564276922665e-06,7.210004153804574e-07,3.690733904147936e-06,7.994888655404595e-06,1
0.021728500727180203,0.021804300073972514,0.9288221214987893,0.0010814018236701038,0.0059829330672955035,0.0046347096240455625,0.007464821859313772,0.0025013928463112935,0.0006894072933844808,0.005290411186037277,2
0.00032216382532565356,0.0009454024944106131,0.00020394479259897548,1.6793954038992663e-05,3.5886078697217723e-06,0.004344102642911101,0.8557534700064897,0.13832451331821705,5.497358951700702e-05,3.104676862111202e-05,6
0.0005098273984047722,0.0006874982966068792,0.00012682774128145227,7.118819429050252e-05,1.2451107439046576e-05,0.005912368481324289,0.9791567044178603,0.013472757200706795,2.3029922128192028e-05,2.7347239957869612e-05,6
0.0085657981392292,0.0032891304396694423,0.014148257948451643,0.0006032197301992124,0.9578185106139205,0.0012651962878360054,0.00564069966391765,0.00041057917460986156,0.0009857775627819941,0.007272830439384237,4
2.9215720511232028e-05,0.0018360857640027366,2.844041588478406e-06,0.00063103833963016,2.8198413672044133e-05,0.9972826485196545,0.00015713195724138232,2.4387162890643735e-05,1.6344517788163915e-06,6.8156290298730044e-06,5
0.00020429082065393355,0.0009226994184125841,6.472014336274122e-05,0.00012529250199417262,2.331958437818081e-05,0.006937330565882508,0.988501886049111,0.0031916831481768227,7.666542749955818e-06,2.1111225278134504e-05,6
0.0013272397146795007,0.9611229669977123,0.032715588428733115,0.00027861349297964515,0.001359501733295806,0.0013216077749325641,0.0014287081567813948,6.236919714451934e-05,3.6322085426256672e-06,0.00037977229519835476,1
0.019888414059489462,0.007802508514156886,0.0028981605682520295,0.0006107497152802095,0.015012422910946673,0.001595852538044014,0.0028421265516250347,0.00016196040262730685,0.0043863198368974815,0.9448014849026809,9
0.003740231607023049,0.9797064112721543,0.0005708786877002944,0.0034815076512518875,0.007329888323324217,0.0012450422148210492,0.0004413278855796069,1.6727079556522853e-05,0.0005078280945357852,0.0029601571840533747,1
9.874976941830675e-07,3.469787550715348e-05,1.181321275465248e-06,1.7217670646902183e-05,5.002385123705109e-06,0.0014907125839273136,0.0007516746013192882,0.9976978358240498,2.289466882686027e-07,4.612937679443305e-07,7
0.9873841546789117,0.0027365237701775253,0.0042197371774455265,0.0004306394146885392,0.0023158694527415213,0.0006985638513631172,0.0007495972103716071,6.133176515925392e-05,0.00024953472900410387,0.0011540479501367395,0
0.9886193947667116,0.0019101959175844962,0.0034585547263581502,0.0005423543248956273,0.000909653058777588,0.001158716719831508,0.002047778176318104,0.00022345218651941828,0.0002571133280465899,0.000872786794956873,0
8.87450522442738e-06,0.0011868572364057335,1.1945745985921998e-06,2.3183060232758622e-05,5.686928095944555e-06,0.9955399978841778,0.0008940260520387158,0.0023397362423732654,9.687928244644222e-08,3.4663757039869996e-07,5
0.005917716831389684,0.005427193299314422,0.001332677448070524,0.0012564983143294184,0.0006219338941890428,0.010462060998399565,0.9740601105905862,0.00026243711975769077,5.228229817913782e-05,0.0006070892057843768,6
0.9652526967757497,0.003200677723977517,0.0009741461606225357,0.0017488029723713133,0.012056269632227749,0.00027264092857082553,0.00023191588564533435,4.012701914745534e-06,0.0022103215204292573,0.014048515698491191,0
2.1881334003460615e-06,0.0002262673445311814,3.7841137458739905e-07,0.00017914654906673675,1.2539178236270745e-06,0.9991174474511945,0.00039717470057766275,7.594297612785403e-05,4.097403028147558e-08,1.5954187334904468e-07,5
0.0051941701571559026,0.9808289989424062,0.0022827750504614062,0.00043041632188690096,0.0003950844167867921,0.00562431234428843,0.003963615547530618,0.0007508419121519751,0.00011724966943599122,0.00041253563789581663,1
0.006036587684698499,0.002983118013417087,0.0007835416877770078,0.0001423321761740657,0.00499150654740153,0.000564995785720345,0.0027672684122833527,0.0007030245300541232,0.01460015031054581,0.9664274748519281,9
0.989618925824695,0.0015069679295271847,0.0008417618080133985,0.00018302553101383294,0.002587448389372572,0.00025504928704755877,0.0007731678270965065,9.181982878490554e-05,0.0017446916917732036,0.0023971418826759868,0
0.0005560939799123934,0.0016617957820345244,5.6633364499209195e-05,0.0002647196131780459,0.00013618694212271713,0.9906649740796089,0.006418249460597512,0.00019181981486088022,4.868381059269202e-06,4.465858212676176e-05,5
0.0014861196287251168,0.000181064407431436,3.8700869586640446e-05,9.174374571081814e-06,0.0006698009052732021,2.5301868229884035e-05,0.00031870973218125565,1.5840921232657264e-05,0.012524466492854448,0.9847308207999144,9
0.9747817276843806,0.0034788270849082804,0.013142015088471187,0.0005452491431469478,0.00047221559934122916,0.003039789241295629,0.0038280358373480664,0.00047735248786143035,2.8559355553836806e-05,0.00020622847769275333,0
0.007856540801922279,0.009481312900200014,0.10113470254109651,0.0005213444361886593,0.0010690617137624461,0.006483049568754095,0.8718622749497913,0.0010303046743466073,3.0525071346187174e-05,0.0005308833425916935,6
0.00040987931267367556,0.0014335841404465339,7.480735465722305e-06,0.000641503393642217,0.0002049081960855546,0.019040789201445876,0.9778109176784984,0.00026884527035844454,5.8083774682196483e-05,0.00012400829670120025,6
8.696461187045996e-05,0.980929264679202,5.581323299284782e-05,0.01539837697516287,8.994290861396868e-05,0.0033695506824939978,5.381858576685151e-05,4.235016399475791e-06,1.5864354827922013e-06,1.0446872014899057e-05,1
0.0003189336927815628,0.9970915320816717,9.879745734798598e-05,0.0013119753623585886,0.00048410850353892716,0.00039656406827337965,9.289455941788743e-06,3.498978491541502e-06,7.442506872404716e-05,0.0002108753308704782,1
0.0005925594931902821,0.9953113684580608,0.0001340338029154455,0.0019434941857375545,0.0008309063561262973,0.0006541116508824329,3.091752942424166e-05,8.407124594907243e-06,9.804589842062907e-05,0.0003961555006473862,1
0.0002639411540136905,0.004366490228632448,1.3995477212131569e-05,0.0016494525165004412,6.79429006112192e-05,0.9932853974682943,0.0003023508826133999,1.700713023095617e-05,5.574835966830003e-06,2.7847405924830735e-05,5
2.2506856960801774e-05,0.9898990267404499,1.6167453209075617e-06,0.0072287380773637085,2.2497719191687153e-05,0.0028058785417045744,8.665634860423959e-06,1.5719241279069668e-06,1.889043059412535e-06,7.608716960495063e-06,1
0.007752215379368348,0.0005560380120795726,0.00045096192860400293,2.8215368397835387e-05,0.0013107361405249882,6.224388959528918e-05,0.0007337336122002759,0.00016497845574400775,0.9739955682070173,0.014945309006468257,8
0.0020292516394485958,0.010717629794930916,0.0005299301810105195,0.008247733752376779,0.0011150825472318825,0.9720083276551422,0.0021450916734903664,0.0021684547910967482,0.0002471493998981278,0.000791348565373661,5
0.0015778110914887928,0.0027100938168884126,0.011298241325182264,0.00033858415600314775,0.00010121943932769913,0.9622746462734224,0.020013952901667097,0.0016499476820324556,2.5794376293813387e-06,3.292387635838988e-05,5
0.0006823404636291548,0.9942131045232553,0.0004191726525961489,0.0020191745750031955,0.0012125957684705826,0.0008588755844700986,7.577143170821909e-05,7.245300895500192e-06,7.852341935841069e-05,0.0004331962806134047,1
0.00047034715629097986,0.005779451089261515,0.020342159054425005,0.0020274072214552,0.0001841114410756684,0.9551531698092336,0.014579921459310387,0.0014571170504237211,3.0112864806239733e-07,6.014589875766035e-06,5
0.9858573348269195,0.0021795292387342103,0.0036683382260662835,0.0003887257048576393,0.002590273380885475,0.0005550673685254322,0.0012217525725572627,0.00015506839281141416,0.0006293474204036846,0.002754562868239281,0
0.0009798580531896963,0.9966534812105429,0.00022388207321023,0.0003811984243699633,0.0003373473340684214,0.0007934182117234455,0.00011447367446116353,0.00011522827844257729,0.0002215575783403856,0.00017955516165132188,1
6.680998147051187e-06,0.9944491521451014,6.740414762640083e-07,0.0043778555369819415,6.948189296313811e-06,0.0011512312583252518,1.1939557740782112e-06,6.062025129273286e-07,1.8568777806389907e-06,3.800794604111766e-06,1
0.9751159923532289,0.0066903963579805015,0.00607557357896332,0.0007653202472005723,0.0003091147823280446,0.007248858538431459,0.0029210585378210683,0.0007299277260793115,1.8269799737618916e-05,0.00012548807822913244,0
0.0004327071399564609,0.9958486792904245,2.52615556355597e-05,0.0015176529856290775,0.001243453102307156,0.0003001366213409827,2.3388881368024195e-05,7.251148281659211e-07,4.7420093745625435e-05,0.0005605752147643388,1
0.0010746076311702775,0.9965707258777498,0.00017429613532553742,0.00035383062369377937,0.00037100950642018264,0.0008198459181071149,0.00011746716694428985,0.00010622435158818227,0.00021153010420508976,0.00020046268479579016,1
0.9768013291282253,0.0054029531034689255,0.001523190879964711,0.0009411595242563954,0.007390640980434086,0.0006349052228696215,0.0005287345278559493,3.2382694748726244e-05,0.0008243981548768513,0.005920305783299474,0
0.0005520076408392907,0.9807442361049318,6.680817537272367e-05,0.005525287671731178,0.011209373306024093,0.0003605333263321285,3.509011169768617e-05,3.3792035831132016e-07,7.028495183986236e-05,0.001436040790873004,1
0.0007796581836425102,0.016379698493617242,0.000480345988047855,0.00461878796112528,3.283060014913859e-05,0.9769204663668558,0.0003413336192325805,0.00042809294145297556,2.4906968752547836e-06,1.6295149001332227e-05,5
0.9806312093211317,0.004200403416016054,0.007822913307155486,0.000280341261821564,0.00022645008403783675,0.002459899665097521,0.0028501874340290927,0.0012752905808217918,6.275167216934805e-05,0.0001905532577194958,0
1.3066792187550758e-06,8.382951261373341e-06,1.6372022772894066e-07,5.166641078546872e-10,2.4361818208365546e-09,0.00024699927121510216,0.0004622735289969855,0.9992795591205308,1.1892033440113291e-06,1.2257235932665095e-07,7
0.0008280544511296056,0.9917940263833773,0.0021977025889650405,0.0007235611355215106,0.0014277410335911682,0.0015716219556472465,0.00043173098816957326,0.0001893253149874933,0.00015122417332753143,0.0006850119752834005,1
0.9712252191324725,0.005859867519725812,0.0040151210237619125,0.0009318793479932137,0.001803346721407366,0.0034704625324561496,0.008122733833232216,0.0035381980480424396,0.00044464987584178726,0.0005885219650664608,0
0.0192671553144091,0.013267730931974519,0.0006053165326972009,0.0006027894715465164,0.010680242493690432,0.0042968261012870015,0.03818195917559726,0.001440637220781339,0.001745253088706688,0.9099120896693098,9
0.9830922932534286,0.004277179366900925,0.005664012216359789,0.0005621241606544927,0.0004485330391981509,0.0026945936849139115,0.002413867207813303,0.0004829967458109233,8.737842957347373e-05,0.000277021895346441,0
1.4798210839755608e-06,5.0258600979433284e-05,2.590256527066914e-07,4.7509500440088237e-07,1.1119429208509541e-07,0.0003308467451768951,7.630024782793126e-05,0.9995319639996955,7.268196476260911e-06,1.0370738110462386e-06,7
0.023418298066918027,0.007381023994270128,0.01705143281730266,0.0006794382562986203,0.0011923764437235568,0.004842183072279995,0.9371384641390216,0.003652709961082284,0.0015112026867966065,0.0031328705623066343,6
9.084368107964999e-05,0.000427425253406949,1.1544863924250879e-05,5.215285493831652e-07,1.541696386826853e-06,0.0014552134424273646,0.003449614301699119,0.9945522524591042,5.87996862487639e-06,5.162804797262368e-06,7
0.01380637755689871,0.010393483010565856,0.9615172084359589,0.000485883137007635,0.002784240436950117,0.00390584922659654,0.0048246637318486735,0.0009258031678233865,0.0001127245679672998,0.001243766728382687,2
0.9812541678452751,0.001460552789005103,0.0006631566840554372,8.78930367003018e-05,0.0030268867142607377,0.00013022119147899366,0.00024395069448414556,0.00010730887722784017,0.007523486987660442,0.005502375179851907,0
0.9879109022681642,0.001667193057803413,0.003893866807057509,0.00036290699696461066,0.0017113600183875834,0.00040760718050936087,0.0006822460535098135,0.00010612085550245778,0.00083995280653809,0.002417843955562765,0
0.012202078197644973,0.014271326855346591,0.9295085296124517,0.005938211588540985,0.0027770218451860945,0.009798981413070833,0.022439425054459772,0.001221402154174682,0.00015460112831105772,0.0016884221508133366,2
4.2208345559371624e-05,0.996596926604848,6.228760923608945e-06,0.0027922776535874356,7.844809107064516e-05,0.0004442174306992866,1.2728364827212756e-06,1.035856796164095e-06,1.5412850009102795e-05,2.197157002373427e-05,1
0.011676683601858279,0.0035200211903254545,0.0034140399982121633,0.00011291670576590769,0.0023288355537109963,0.001647568055415799,0.011789772695033564,0.005998723927122942,0.014572636338682181,0.9449388019338728,9
7.991855930162154e-05,0.9920534775741765,3.394605201618478e-05,0.005581196855802665,5.036721146234761e-05,0.0021275913287292776,3.536171485182547e-05,1.0529466852916899e-05,5.237305468357345e-06,2.237393133852619e-05,1
0.005606317781118547,0.0016249168578261121,0.000577894814292484,0.00010496599002641513,0.004453832071736402,0.00016306261936006405,0.0005594524522773208,2.1716666882540452e-05,0.003408506882900752,0.9834793338635794,9
0.001273882797957074,0.9909461033254837,0.00026887574807833806,0.004703731005845854,0.00035077187885508793,0.0018383573554029249,0.0003110079453092666,3.757892235979018e-05,6.572853931598875e-05,0.00020396248139200072,1
0.003733587918463803,0.0001881849933468715,9.417008289738805e-05,4.928358765721179e-06,0.0006797423956835698,1.2468557368151748e-05,0.00019620573789985813,4.8271227162408146e-05,0.9858356337708828,0.009206806957529352,8
0.00014603341162358347,0.0011746332049902026,0.00010069464153783808,0.0007959485064158549,8.03256089674247e-05,0.01295998549181131,0.9824351554123799,0.0022928841284554817,2.0494256470593247e-06,1.2290168171352552e-05,6
0.000547932425302549,0.9948206644025899,0.0009838828031137072,0.001375697667919235,0.00012095618659042158,0.0019925946501226713,9.554230144524534e-05,2.1083981885632352e-05,6.227324441766496e-06,3.541825658893869e-05,1
1.8251252455425094e-05,0.005272726633320159,3.7332684808282736e-06,0.0018730305120732507,8.463940726145331e-06,0.9927472352558265,6.922940508293615e-05,5.980467986422087e-06,1.417879470248898e-07,1.2074761014878966e-06,5
0.014301688542142615,0.007808932387703469,0.9477730494807677,0.0014820272171193623,0.00756368865951454,0.002440945991917778,0.008304267928457966,0.0005428057676594953,0.0011163243474227168,0.00866626967729422,2
0.0039647018887409525,0.0009886521855787405,0.0002610032358037279,0.00015156693306058326,0.004685681981752294,0.00012498923700693723,0.0004445731196911614,6.8194977396477795e-06,0.0046405348330889225,0.9847314770875369,9
0.0017367609849362837,0.9908920807850171,0.0011104982403405137,0.00010979296470295133,0.0013871660382559028,0.0005865074167102748,0.0004894476695115612,0.00020028865197580702,0.0005818503017498013,0.002905606946799781,1
0.0004109605081587523,0.9943564812625634,4.630956074082965e-05,0.0021563261362716173,0.00011553434004315758,0.0027780636639716406,5.870314583923651e-05,9.130480697485718e-06,1.6177255140433335e-05,5.231364657350026e-05,1
0.9584891066763138,0.01555051471264253,0.0055875347060554475,0.004120563264365414,0.003958392996796591,0.005081567547592689,0.006577350613022306,0.0002328093403186852,1.7633060807422478e-05,0.0003845270820851722,0
1.568428279568157e-05,0.993991583145372,1.2243700536340783e-06,0.005517629419868444,2.1891609647048265e-05,0.0004396399441088779,3.84904572420971e-07,1.6904034022477e-07,3.6088882426717714e-06,8.18439499910915e-06,1
0.011646031351535054,0.003331053953584943,0.0013868077707839524,0.0009930599337338777,0.9607011684565524,0.0003271182661648863,0.0006421557512844105,6.307509508809283e-06,0.002646209450342527,0.01832008755650919,4
0.0005620315023746038,0.00047995952452375377,0.0002142554090695544,2.6101887557670334e-05,1.2108998047114082e-05,0.006046564612990908,0.991843461206464,0.0007980118295378929,2.9139142453445455e-06,1.459111518923536e-05,6
0.005543169156905184,0.009052251245435837,0.973711453500963,0.0009000137409610232,0.0006115348182920415,0.005865873426860327,0.0032177452121509307,0.000748828791920677,3.261200041738031e-05,0.00031651810609358304,2
0.0005411623074675977,0.008432517181891447,0.0003815841101717733,0.004050325887275599,0.0011968381221971627,0.9815700450219974,0.0019619495870921945,0.001656986797582526,2.549861470497613e-05,0.0001830923696193386,5
0.004708929146935121,0.9877761086218062,0.0008472344445844764,0.0007494238850711139,0.002018297850347958,0.0014097016551041014,0.0007931190490676335,0.00011299495758392423,0.0003666699405172313,0.0012175204489820474,1
0.9771956128788731,0.00269783844834043,0.014851304893461982,0.0005488204173851837,0.0005241786040780119,0.0012329927581480303,0.0023422353545516634,0.00019524089295986315,4.3680349118371604e-05,0.00036809540308339764,0
0.0009814247736636755,0.000815146057983471,0.00023937823337660008,5.6787775855744603e-05,0.0001541049812154391,0.004716802802292198,0.990086631800543,0.0026929306551269918,0.00011146377553627393,0.0001453291444064776,6
0.02629096173064221,0.011711268001343814,0.9107766084029916,0.001936194601659169,0.003199867409055393,0.007798489787589887,0.025422708478724618,0.0027568493614598863,0.001266173275397348,0.008840878951136132,2
2.940095965055147e-06,0.0005274014870724673,2.838736715112368e-06,0.00927234737079882,1.0944994705188145e-05,0.9899068912782483,0.0002116750371634357,6.488504639457159e-05,1.215499943902307e-08,6.379793758373613e-08,5
0.00018747750585539294,0.9950260209652115,0.000485744717352897,0.0008182132305024857,0.00043709091278724244,0.0022347809229011626,0.0003550963642811478,0.00036060265125334516,1.0523738630793106e-05,8.444899122395281e-05,1
0.0016466752380992781,0.9908095425107765,0.001196152440007288,0.0014369908408950615,0.0017002349692730523,0.0015997480899769961,0.000792014426073578,0.00024680118184018017,0.0001132898092124774,0.0004585504938454841,1
8.899352869350295e-06,0.0005374467553303239,1.1708490037661996e-06,2.1640371368167274e-06,4.1380478600961616e-07,0.010072731179744731,0.0020801482948476836,0.9872955340920703,9.695512443914865e-07,5.220829666070402e-07,7
0.007735354703603739,0.0100539197283786,0.00703829091755799,0.000693986338385147,0.022283791056895985,0.0011620312148359134,0.006472811893135898,0.0005379303707848262,0.0023010303304765323,0.9417208534459454,9
0.9765398062867151,0.006095082760882006,0.0076810445908346335,0.0017734164463311449,0.0029532531408952424,0.0009395150018519369,0.0009615418740679218,0.00026119651892295246,0.0009572542428536489,0.0018378891366456409,0
0.008466871322056823,0.005519990625363627,0.0014036901732054974,0.0015357724201420643,0.008096639370768936,0.0007381821262109594,0.0007684238924785883,3.246254932404223e-05,0.004074138807474396,0.9693638287129751,9
0.001146448153594192,0.9785078005350464,0.009788152455018937,0.0004093163169803745,0.0004893585138364951,0.006003348331648236,0.003109303652641431,0.0004318721407222692,5.090085257947853e-06,0.00010930981525353357,1
0.9853392483346535,0.0036536682564609593,0.004912245110848018,0.001317487971779535,0.0010772933692962804,0.0012046530103191682,0.0010864363161563419,0.00016043715198546115,0.00030177972597493133,0.0009467507525258356,0
0.0034925257035312227,0.0007532455885979326,0.000281107938151264,2.3492896295899968e-05,0.0024375511970194785,4.0927135094201176e-05,0.00013854006934243526,4.203240292877294e-05,0.01664457991608403,0.9761459971529548,9
0.9668639655700396,0.0056377141536964335,0.0048853112488011045,0.0011744390444699067,0.001146846324494028,0.005828852217027284,0.00995809911910393,0.003992461984694128,0.00021052438127408722,0.00030178595639927314,0
0.9787236300446863,0.004101271023806904,0.009703739692868826,0.00027859095367156994,0.00026914032172864667,0.002443118484444053,0.002964120935970015,0.001267652732884329,5.566216685459283e-05,0.00019307364308467117,0
0.005498026331899562,0.003034136106928398,0.0053414298952872506,0.000244984788932766,0.0019445230061786976,0.003576533828243574,0.9787658976622944,0.0004950845582232667,0.00010452264365832472,0.0009948611783539003,6
0.9811192952618288,0.002987441327738526,0.005739890389752987,0.0003342171811260292,0.005849960191272345,0.00018962421766750088,0.0002975094264962723,2.5457887930790845e-05,0.0005273491144441361,0.0029292550017424725,0
0.00016417002567811854,0.0003218210121051186,6.42534103759627e-05,1.5400117396382404e-07,2.2579641441070203e-06,0.000800621725455983,0.0017803741054866064,0.9967556600448673,7.448115456980194e-05,3.6206556143331154e-05,7
0.0006022594683975417,0.00230040678583595,0.00024827638191011765,0.0008348300422714293,0.00012127784472264831,0.9914109606231263,0.004162632727132944,0.000246463303830082,9.816788137968929e-06,6.307603463517886e-05,5
0.9874540360925306,0.0035134832793021356,0.003455646631681037,0.001263207223363603,0.00064990171213033,0.0012111621297551042,0.0017481933429777047,8.922032523943113e-05,9.24010596793284e-05,0.0005227482033405441,0
0.0004273181172750319,0.0003855702979863599,4.3760204999011264e-05,1.345853123172936e-05,4.2951087335312975e-05,0.005621324830345154,0.9906857745740616,0.0026671148147440335,5.334069825429601e-05,5.9386843767396464e-05,6
0.016107937084625528,0.005455235718262753,0.0014444553986503663,0.00037612906480413374,0.011640694969841436,0.0006344693323544487,0.00105022573158533,5.6978607490001536e-05,0.004474686461736202,0.9587591876306498,9
6.271343442677618e-05,0.00032603012730556913,7.773752831190447e-06,1.6435580450936293e-05,1.152357046497525e-05,0.9909216282659581,0.007831599368309461,0.0008059549522591625,6.147909693095701e-06,1.0193038300911207e-05,5
0.0009458356856768479,0.011950527476280295,0.0002139777468874327,0.003222774219215806,0.0006497858368080937,0.9810635856638993,0.0012924177129330949,0.00020683454900452956,0.00010614051799110511,0.00034812059130360585,5
0.9927418799548942,0.0012467754030193478,0.0019232987934553645,0.0001391231283095654,0.0003271510068301429,0.0008444212478585804,0.0014986676860867481,0.0004786208359555632,0.00017330950939138816,0.0006267524341994091,0
0.0064926723622221036,0.0012562429231666823,0.0006764141032033886,5.371651273138324e-05,0.008139035286718265,3.26384111041529e-05,0.00011337604920591828,1.5700011124667934e-05,0.948124579247986,0.035095625092537594,8
0.9829116389670244,0.0019778986239690813,0.005318562808801358,0.00018080427961510284,0.0035070879308704258,0.00020105980998299128,0.0003698552040332436,9.430507001035966e-05,0.0016676542937995669,0.0037711330118935923,0
0.0325265039967687,0.008104574112518078,0.004613372606698336,0.0006533826445135599,0.027564152685084716,0.0004450353728247059,0.000956240432678341,5.8765991304951656e-05,0.8496335797138228,0.07544439244378584,8
0.0019922755207021363,0.0002295341536599783,8.183576874782383e-05,2.169417753123935e-05,0.0014644819589191855,1.4205049842396017e-05,8.382443138318222e-05,4.0137730836862215e-06,0.015249490242319546,0.9808586449238108,9
0.00025978734662448214,0.0007312504754889487,0.00013321560369453542,4.926018048279766e-07,8.476391504368304e-06,0.01831716220659773,0.03172589374359335,0.9487051172560891,6.657503917846054e-05,5.2029335424223484e-05,7
0.0006779550153668606,0.0010961401276988773,2.4327321120202978e-05,0.00015355113752605606,0.002389979443137664,0.001630311619613365,0.9924153913655633,0.0002137808353804264,0.00023437991832731808,0.0011641832162658254,6
0.0390716259730381,0.003465430295748888,0.0014251249698251794,0.0008411970019188091,0.037282698813175134,0.00013501007339579424,0.001094392849822626,4.776802329268919e-06,0.8423741303881445,0.07430561283260169,8
0.0006122476390030141,0.9277758470785072,0.00424131815290661,0.0016743939838940905,0.0003782702359400355,0.018992606332794742,0.03938680977607652,0.0068947552320360135,4.005964938188754e-06,3.9745603903738695e-05,1
0.9911715573384645,0.001658973209608301,0.0014399214632443336,0.00021444020320869324,0.0010818330610232484,0.00040148281434349367,0.0006959958198862186,0.00016050458629629708,0.0009796998832695423,0.0021955916206554157,0
0.0045311824556866645,0.972612595376467,0.0026038501262286413,0.002400351173110654,0.0005968905027652983,0.006107259603216303,0.010437769350914327,0.000321488292500994,2.7786249991276013e-05,0.00036082686911870714,1
0.0034448243040713323,0.00792812930090111,0.0014439416550122192,0.0005890536824003957,0.0009052031384314686,0.00764720489535586,0.9740785693883697,0.0030404258279632507,0.0003455556152886196,0.0005770921922057773,6
0.0237568734789866,0.017984105104918314,0.034873264314121744,0.0022961735561372186,0.0015787850840946246,0.8793470038578532,0.028734876687315752,0.008922692360136632,0.0004710108241222689,0.0020352147323137353,5
0.00012297705610204277,0.9961001398277429,0.0002531984458816153,0.0014016187115919781,0.0001811956371125531,0.0017732701564290875,0.00010200531330621929,2.5602388586839914e-05,2.728914926208292e-06,3.726354832039295e-05,1
0.026770451502634036,0.011113470037510906,0.9306928552649772,0.0013942203224825598,0.0063047329786798155,0.0051922452981479714,0.010731337211181767,0.0009537576241608819,0.0006960253559145877,0.006150904404310104,2
6.3358306572616765e-06,0.0017331672283605807,1.1623835423421216e-06,0.0020579251800499094,2.413735918908292e-06,0.996141996528309,5.300737129907172e-05,3.3121858965249054e-06,1.2048555998055168e-07,5.590704063161552e-07,5
0.0010384747109600007,0.002691130492480445,0.0005206272878619736,3.2588800560186373e-05,0.00021935530946755398,0.9755028117562073,0.00956264575074931,0.009606581266800078,0.0003939129618915083,0.0004318716630215569,5
0.9730065885564144,0.003884628837613664,0.0011650060107920752,0.00044782194034556416,0.010992490975738869,0.0004491262257041428,0.0007251676798746538,9.04783054303383e-06,0.00038162457190133575,0.008938497371072484,0
8.304313921812263e-07,6.46132747105589e-06,1.0638275189916423e-07,3.9670503327994944e-10,2.43816177894871e-09,0.0004506961871513288,0.0007302391293343754,0.9988109070491549,6.791714702819665e-07,7.748640701373245e-08,7
0.001207207701978629,0.99448583889452,0.0010218028123405508,0.0003772827130334381,5.768814267471806e-05,0.0022574135230081453,0.00029538150406588023,0.00024299042975630745,1.1941282050781408e-05,4.245299657126018e-05,1
0.003408657769302965,0.0025738255919495845,0.006265832548249321,0.000605596902845972,0.00013185063870633316,0.004415455529757096,0.981065273866774,0.001432187555775555,1.6494514820399603e-05,8.482508181857893e-05,6
0.00013624914171769134,0.9890763773255201,0.0015873671795414738,0.0018600347554425876,9.596653014644762e-05,0.0056316097076384115,0.001185905610494796,0.0004196281911556424,3.0910214599557106e-07,6.552456196954111e-06,1
0.00939378660573787,0.020376561953969058,0.0021888777309748103,0.006199374795369296,0.002570222370059138,0.9529854827205094,0.004284331016645245,0.00011512255557598528,0.000172229372039266,0.0017140108791199116,5
0.007151607754386271,0.01399601011851124,0.009388301660331073,0.00467973093905868,0.0021598276773213674,0.9571773211740571,0.004002709809240524,0.0004442434176007657,7.570767978142624e-05,0.0009245397697116078,5
7.262429203323084e-05,0.0003094360498413594,1.0253745663498224e-05,8.271883822953212e-07,1.6300454765632353e-06,0.00036224042875573816,0.00048173557931363955,0.9985919528552014,0.0001325817496961298,3.671806563631278e-05,7
0.017521991916220583,0.002155640161125284,0.002027144360088094,0.0003603431929272366,0.004006248261383204,0.0004897536700379413,0.00468573273153613,9.994103338812221e-05,0.004876377893668049,0.9637768267796254,9
0.005553851578799096,0.9849174521401057,0.0037928837691219314,0.0004351093862962769,0.0013487774261558394,0.002236556289689659,0.001092362925366477,0.00017629792670288406,4.8808613492524676e-05,0.0003978999442695236,1
0.0019884209764915845,0.00021457861247047637,5.3620917546858145e-05,1.2457747772647752e-05,0.0011819522327368207,1.3270684372345807e-05,7.475506013365681e-05,7.256486936988472e-06,0.0187619854601092,0.9776917018214294,9
4.743938173364338e-05,0.0019392076986861984,3.30075993149219e-05,0.0014628110435417553,7.342846578349782e-05,0.9945526167211841,0.001649042597114762,0.0002371693091488697,6.328083960348727e-07,4.644375096092635e-06,5
0.010304107570894117,0.010231738062400658,0.00106125104092777,0.0007886588761956623,0.003417040665495629,0.9577154560290883,0.008457230601538383,0.0014144031736670073,0.0018798796487005487,0.004730234331092076,5
0.002101631811710968,0.02021795785477652,0.001300622417513152,0.9407301694321819,0.0029929105093189816,0.02830250560097227,0.0038789103073178263,7.001608490971888e-05,3.0640333666886924e-05,0.0003746356476316175,3
0.0029184962064782907,0.9856126965815457,0.0007559615520834845,0.0025276957522394473,0.005416344988351459,0.0006002916493704962,0.0002635631641050785,6.112062675191849e-06,0.0001956442522303894,0.0017031937909206517,1
0.007331335366768249,0.005639282451115776,0.002251273207229452,0.00018856571742390595,0.0013451364429958562,0.008880847639756502,0.9601085435703337,0.01125977000012155,0.0010491741253153002,0.0019460714789395971,6
0.0031076636957818884,0.9884775822039231,0.0007287217157068365,0.0006663240066388866,0.00122717687472089,0.0020112942994131486,0.0013240044561328589,0.0005421851704185967,0.0007336377863667251,0.0011814097908970228,1
0.03312749912372563,0.00638362108760141,0.002854256775749669,0.00025411726789602724,0.7518990619012165,0.00044708705875881084,0.0013494325995157955,0.0002592062358646119,0.09921120774268184,0.10421451020698971,4
0.004207150989752589,0.9701690827234685,0.015006260306453129,0.0005300596250671867,0.002348688154128964,0.001420973883227045,0.0015253544950851775,0.0009832426356712735,0.0009414596580123558,0.002867727529133697,1
1.9438302519804494e-05,0.987025108043367,3.982984727656117e-06,0.01139935411917404,1.6133760636436462e-05,0.0015219741249974865,4.094994500230333e-06,3.25934949524915e-06,3.302411283171599e-06,3.351909299022343e-06,1
0.0028545038613898193,0.0038948066311797398,0.0018644426465548908,0.00034075588541735254,0.0071312162764652015,0.0017879193427885476,0.9788629428778214,0.0005455261985356541,0.00017306959611997416,0.0025448166837271718,6
0.005283304324424883,0.0006636850232427409,0.000299731084879369,3.395548121702913e-05,0.000994983219314664,0.00014145781719157038,0.0013593316494170432,0.00039303562873863724,0.030078567696935964,0.960751948074638,9
0.005940014451100748,0.9744114218058887,0.004189755887436874,0.0003959834007319702,0.009460567512628398,0.0009139711170360638,0.0005458878255397192,0.00015821889792213162,0.00091687444846817,0.0030673046532471715,1
0.007903712881354868,0.9765733347792549,0.0019183253245350894,0.0012794396507389114,0.005096527221212486,0.0007025922004965389,0.0006824210910156562,2.884944992647881e-05,0.0010489094454732293,0.004765887955991847,1
0.000911264949760136,0.9923027205404119,0.0010644383525625345,0.0010457440796253776,0.00016997232723406765,0.00314494738409501,0.0008838179325612791,0.00023244146798692523,3.511135886995398e-05,0.0002095416068926331,1
2.4502089466747714e-05,0.002932369785982796,3.6693101248670617e-07,0.0026656235120408067,7.436929182935855e-05,0.9942142865699539,7.260422121953626e-05,6.2572936110310895e-06,2.2797178463029004e-06,7.340587037009266e-06,5
0.016292051848641267,0.0063379138790255855,0.008131829298969268,0.0005223024239605687,0.006612689255511709,0.000644387612371678,0.0011330548500565235,0.00021642053196818285,0.005002378971967203,0.955106971327528,9
0.0033495965524991196,0.007475025803825169,0.002323572756331921,0.0007218007230324269,0.0004179724102621568,0.9807619641431492,0.004265537669965423,0.00040287285167639464,3.819059404670951e-05,0.0002434664952115051,5
0.0005729859838481144,0.991958340530186,0.0001595612765747726,0.004346477646909284,0.000364065273334455,0.002058490989243814,0.0002511950123646065,7.861401086865941e-05,9.467977292113247e-05,0.00011558950374909621,1
0.00025798557348981447,0.9957976847220508,0.0013187643872344921,0.0007914001536166736,0.00010415444037775585,0.001441846624726531,0.00010285105506917961,6.744497585491467e-05,2.189599608393164e-05,9.597207149588968e-05,1
0.013445445164132928,0.029027366553676572,0.010806468474411423,0.00649351253679745,0.004758144245284255,0.93018010148823,0.003043147124332707,0.00022362971370414603,0.00017641123461684897,0.0018457734648134629,5
0.0023864043080817614,0.0019498212713933102,0.0010115314768909618,0.0002182056230007922,0.00012526993533347174,0.002579201050147941,0.9889060613196763,0.0022717946463027485,0.00018493296764138752,0.0003667774015312659,6
0.0038972458832351674,0.011735729925243119,0.0011589827484359348,0.004435625198502937,0.0010995600089953631,0.9749179330473609,0.0018257818328727444,0.00033507495635279766,5.289928972152312e-05,0.0005411671092797016,5
0.021313007501422343,0.0044747785590211935,0.001961613972033576,0.0011801561204561985,0.9553238669179555,0.0006313155175867463,0.0013742194547633386,1.3082445411398227e-05,0.003170889725646781,0.010557069785703135,4
0.9857961854300374,0.00334503722182492,0.0014808008766287188,0.0008316363364613781,0.004158499087104738,0.00044316456334246156,0.00032900171183026085,1.5920332970493852e-05,0.0008126900169411839,0.0027870644228580725,0
0.9792411732235339,0.006975932752752948,0.0033691068441559623,0.0016994251020738705,0.002376472294653297,0.0032857564066329976,0.0016080268946799025,0.00013278882710782142,0.00017829171022349183,0.001133025944186,0
0.00047657924517543007,0.0004428310594346843,0.00016974695213412138,2.448771794988361e-05,0.00012269536876433998,0.003795847102636114,0.9922087291028429,0.0026205562563331197,4.968878799956901e-05,8.883840672992304e-05,6
6.937407493576651e-05,0.9968245992041754,1.0770419595825215e-05,0.0025083057789631233,9.138754117012158e-05,0.0004074833740409713,1.871641203641462e-06,1.5663396736345458e-06,4.3380916312730745e-05,4.126070992893237e-05,1
0.0022338697800018178,0.9901460870224535,0.0011269427145676053,0.0004930649384482538,0.003052535080284367,0.0006826867059225107,0.00014134128978664259,6.039037361405579e-05,0.0006548140446275005,0.0014082680502938679,1
0.001533908605227535,0.002459289420464935,1.3870891026215766e-05,0.0007009685982669315,0.0008643396983489039,0.015330872797248863,0.9782946427091567,0.00011732655157192952,0.00014826941424947898,0.0005365113144387697,6
0.0009960863277369875,0.004482212674010896,0.00039482521344875483,0.0014068011111761296,0.0001935249131400786,0.984183844707274,0.007991671444355619,0.00027888341987639223,5.016466066753691e-06,6.713372291396627e-05,5
0.0011370154661114343,0.9882444119338618,0.0003783542689279544,0.006814483373320481,0.0007862677824911954,0.0019437475819430886,0.0004751335560872405,1.5435493266216454e-05,3.437167349108817e-05,0.00017077887049945739,1
4.7849915280486536e-05,0.0022449730185923416,1.529068528245433e-05,0.0005180993206787473,9.924206464119788e-05,0.995841494057869,0.0008914042056119757,0.00032198994403719614,7.15764500716566e-06,1.2499142999258067e-05,5
0.9868753217941132,0.0025733698421519843,0.003229349861489533,0.0008346213516988653,0.003007649832287802,0.00060820281637104,0.0006593208437559664,2.43393706106454e-05,0.00024874772617635685,0.001939076561344655,0
0.015140602670558915,0.1380834132968018,0.004776049613155803,0.7510285885560434,0.06767203544501257,0.009131244290752918,0.00026711767028477607,2.8912769021652673e-05,0.0016338813957461533,0.01223815429262221,3
3.7553847504323195e-05,0.9975215189393817,2.9288851412023793e-06,0.0013733287685240348,2.8189835935417862e-05,0.0010134768778943513,1.9653184384463582e-06,1.095638250047885e-06,6.6164653968087576e-06,1.3325423533882077e-05,1
0.00012659860766824516,0.0036836585835476198,5.3967357129156616e-06,0.0012236653776743912,0.0001460361357096748,0.9945856083654254,0.000176648248393362,1.8092319462163705e-05,6.652942070061749e-06,2.7642684336216764e-05,5
0.004490858388055526,0.9773947043621043,0.005737028938993788,0.0010657871949878402,0.0026219219982761906,0.0013919078158721651,0.0014891910617800034,0.0008801738244680648,0.0019911555389126308,0.0029372708765496333,1
